,C,G,T,A
1,0.27416562182816884,0.2495074332795988,0.2469401158278106,0.22938682906442176
2,0.276912054451012,0.28819631022747627,0.19374291002447908,0.24114872529703266
3,0.25547793898143173,0.2448504388321691,0.24622365514359065,0.25344796704280853
4,0.2790017314466535,0.27583736342468207,0.22413278404680875,0.22102812108185563
5,0.27106095886321574,0.27816586064839693,0.22126694130992894,0.22950623917845842
6,0.25876171711743984,0.2373873067048779,0.2520150456743686,0.25183593050331365
7,0.2813899337273867,0.2691503970386292,0.22628216609946863,0.22317750313451548
8,0.26449340259119947,0.27685234939399367,0.21965490477043406,0.2389993432443728
9,0.25285091647262525,0.23929786852946444,0.25995581825780645,0.24789539674010388
10,0.2763150038808287,0.2749417875694071,0.2248492447310287,0.22389396381873544
11,0.2696877425517941,0.27738969490715865,0.21780404800286585,0.2351185145381814
12,0.26025434354289806,0.23022269986267838,0.24938802316556213,0.2601349334288614
13,0.2779270404203236,0.28162875395546005,0.21947578959937908,0.2209684160248373
14,0.2676577706131709,0.276732939279957,0.22144605648098395,0.23416323362588812
15,0.25183593050331365,0.2366111409636396,0.25141799510418533,0.2601349334288614
16,0.2625828407666129,0.28162875395546005,0.22711803689772525,0.2286703683802018
17,0.30461520090751687,0.3515433757239238,0.05457042211475312,0.28927100125380617
18,0.3033016896531136,0.2732103409158756,0.06472028180786912,0.3587676876231417
19,0.30867514478476327,0.3415726312018628,0.05749596990865126,0.29225625410472267
20,0.3545883336318586,0.29589826258284074,0.05224192489103827,0.29727147889426236
21,0.14138157501940415,0.16824885067765238,0.34384142336855933,0.34652815093438416
22,0.0,1.0,0.0,0.0
23,0.0,1.0,0.0,0.0
