stage,n,note,cell_line,bin,identity,why,efficiency
0_pool,2520.0,"single 划分 test 集, 全部细胞系",,,,,
1_seq_valid,2520.0,仅 ACGT,,,,,
2_seq_length,2520.0,长度 == 23,,,,,
3_label_in_0_1,2520.0,"标签有限且 ∈ [0,1]",,,,,
4_no_extreme_label,2464.0,剔除各细胞系标签 P1~P99 之外,,,,,
5_dedup_identity,2347.0,"canonical identity min(seq,revcomp) 去重, 移除 117 条（同时覆盖精确重复与反向互补重复）",,,,,
6_pos18_is_C,734.0,Position 18 == C（2347 -> 734）,,,,,
7_pam_ngg,734.0,PAM == NGG（3 nt）,,,,,
8_crispron_window_available,734.0,chr 长度足够容纳 4+23+3 nt（hg19）,,,,,
9_hg19_30mer_verified,734.0,中间 23nt 与 hg19 完全一致（移除 0 条: {}）,,,,,
shortlist,,,hct116,high,ACCAACTACCAGCTGGGCACAGG,最接近 high 区间中位数（|Δ|=0.0000）,
shortlist,,,hct116,low,CCTGTGTACAGCACCTTCCTGTC,最接近 low 区间中位数（|Δ|=0.0000）,
shortlist,,,hct116,medium,CCACTGGTGCGGGCAGGAGACAG,最接近 medium 区间中位数（|Δ|=0.0002）,
shortlist,,,hek293t,high,CCGCTGGTTGCACTCATGGCTGC,最接近 high 区间中位数（|Δ|=0.0000）,
shortlist,,,hek293t,low,CCGGAGGCACTGTCACACCATAA,最接近 low 区间中位数（|Δ|=0.0000）,
shortlist,,,hek293t,medium,CCAGAGCACAAGGAGGCTGAAGG,最接近 medium 区间中位数（|Δ|=0.0000）,
shortlist,,,hela,high,CCACCGTGATGGCAGATGCATTA,最接近 high 区间中位数（|Δ|=0.0000）,
shortlist,,,hela,low,CCACTGTCAGCAAATGCAGTCCC,最接近 low 区间中位数（|Δ|=0.0001）,
shortlist,,,hela,medium,CCTGTGGAAGAATGGGATTCTGA,最接近 medium 区间中位数（|Δ|=0.0000）,
shortlist,,,hl60,high,CCACAGTGGCGTCCAGCTCGCTC,最接近 high 区间中位数（|Δ|=0.0005）,
shortlist,,,hl60,low,AGTCCCACCACCTCGAACTCTGG,最接近 low 区间中位数（|Δ|=0.0025）,
shortlist,,,hl60,medium,AGCTCGCGGAGGCAAGGCCGAGG,最接近 medium 区间中位数（|Δ|=0.0000）,
consider,,,hct116,low,CCTGTGTACAGCACCTTCCTGTC,通过多样性约束,
select,,,hct116,low,CCTGTGTACAGCACCTTCCTGTC,low 区间代表（最接近中位数 0.1101）,0.1101193055510521
consider,,,hek293t,low,CCGGAGGCACTGTCACACCATAA,通过多样性约束,
select,,,hek293t,low,CCGGAGGCACTGTCACACCATAA,low 区间代表（最接近中位数 0.1444）,0.1444413661956787
consider,,,hek293t,medium,CCAGAGCACAAGGAGGCTGAAGG,通过多样性约束,
select,,,hek293t,medium,CCAGAGCACAAGGAGGCTGAAGG,medium 区间代表（最接近中位数 0.2145）,0.21447524428367615
consider,,,hela,medium,CCTGTGGAAGAATGGGATTCTGA,通过多样性约束,
select,,,hela,medium,CCTGTGGAAGAATGGGATTCTGA,medium 区间代表（最接近中位数 0.2671）,0.2671368718147278
consider,,,hct116,high,ACCAACTACCAGCTGGGCACAGG,通过多样性约束,
select,,,hct116,high,ACCAACTACCAGCTGGGCACAGG,high 区间代表（最接近中位数 0.5368）,0.5368360280990601
consider,,,hek293t,high,CCGCTGGTTGCACTCATGGCTGC,细胞系 hek293t 已达上限 2,
consider,,,hela,high,CCACCGTGATGGCAGATGCATTA,通过多样性约束,
select,,,hela,high,CCACCGTGATGGCAGATGCATTA,high 区间代表（最接近中位数 0.5032）,0.5031765699386597
consider_special,,,hela,high,AAGGAGCGGCACAGGCGCCAGGG,GC=70.0% (中位 55.0%) -> 细胞系 hela 已达上限 2,
consider_special,,,hela,low,ACAGCGCTGCACCTCTGCCGAGG,GC=70.0% (中位 55.0%) -> 细胞系 hela 已达上限 2,
consider_special,,,hct116,medium,ACAGGCTGTGTGTCGGCCGGCGG,GC=70.0% (中位 55.0%) -> 细胞系 hct116 已达上限 2,
consider_special,,,hela,low,ACCAGGCGGCGCCACTACAGGGG,GC=70.0% (中位 55.0%) -> 细胞系 hela 已达上限 2,
consider_special,,,hela,medium,AGAGACCGTGGTCGTGGCGGTGG,GC=70.0% (中位 55.0%) -> 细胞系 hela 已达上限 2,
consider_special,,,hela,low,AGAGGCCCGAGGGCATGCACCGG,GC=70.0% (中位 55.0%) -> 细胞系 hela 已达上限 2,
consider_special,,,hl60,high,AGCCGGCCCGTAAGATCCGCAGG,GC=70.0% (中位 55.0%) -> 通过多样性约束,
select,,,hl60,high,AGCCGGCCCGTAAGATCCGCAGG,序列组成特殊但仍正常：GC 70.0% (全池中位 55.0%),0.3435348570346832
consider_special,,,hela,low,AGGCCCACGAGCTGAAGCGCAGG,GC=70.0% (中位 55.0%) -> 细胞系 hela 已达上限 2,
consider_special,,,hela,medium,AGGTCCTCCTCAGGGAGCGGGGG,GC=70.0% (中位 55.0%) -> 细胞系 hela 已达上限 2,
consider_special,,,hct116,medium,ATCGCCTGCGTGTCCGCCCACGG,GC=70.0% (中位 55.0%) -> 细胞系 hct116 已达上限 2,
consider_special,,,hct116,low,CACGTTGTGCAACGCCGCCCCGG,GC=70.0% (中位 55.0%) -> 细胞系 hct116 已达上限 2,
consider_special,,,hela,high,CAGAGCAGTCCTCCTCGCCGTGG,GC=70.0% (中位 55.0%) -> 细胞系 hela 已达上限 2,
consider_special,,,hela,medium,CAGAGTGGCTCCGCACGCCATGG,GC=70.0% (中位 55.0%) -> 细胞系 hela 已达上限 2,
consider_special,,,hela,medium,CAGCGACGTGTACGAGCCCGCGG,GC=70.0% (中位 55.0%) -> 细胞系 hela 已达上限 2,
consider_special,,,hct116,medium,CAGGACATTCGCCACGGCCCTGG,GC=70.0% (中位 55.0%) -> 细胞系 hct116 已达上限 2,
consider_special,,,hct116,high,CAGTCCCGTGTAGCCTCCGGGGG,GC=70.0% (中位 55.0%) -> 细胞系 hct116 已达上限 2,
consider_special,,,hct116,low,CATCCGGCACTCCCTAGCCCTGG,GC=70.0% (中位 55.0%) -> 细胞系 hct116 已达上限 2,
consider_special,,,hela,low,CATCGCAGCCCGCAGTCCACCGG,GC=70.0% (中位 55.0%) -> 细胞系 hela 已达上限 2,
consider_special,,,hl60,low,CCAAGGCCACGGCTCTTTCGGCC,GC=70.0% (中位 55.0%) -> 通过多样性约束,
select,,,hl60,low,CCAAGGCCACGGCTCTTTCGGCC,序列组成特殊但仍正常：GC 70.0% (全池中位 55.0%),0.187056764960289
