sample_index,file,cell_line,sequence,target_y,anomaly_score,gc_content,outlier_reason_hints
53,hct116.csv,hct116,GGCGTCAAGTTCTTCTAGCAGGG,0.1227517177094401,-0.011087,56.5217,multivariate_anomaly
272,hct116.csv,hct116,TAGTCTGTGCGGCACAGGCCCGG,0.0682802244632628,-0.00147,69.5652,multivariate_anomaly
326,hct116.csv,hct116,TCTCTGCGATTCGGTCCCAACGG,0.4063053028335449,-0.000359,60.8696,multivariate_anomaly
638,hct116.csv,hct116,TACTGTAGTGGCTGAAGGACTGG,0.1879562955181844,-0.014466,52.1739,multivariate_anomaly
682,hct116.csv,hct116,CTAGGAGGGTATACAAGGAAAGG,0.4135257835018834,-0.043088,47.8261,multivariate_anomaly
809,hct116.csv,hct116,TCCCTGGCATGACAGGACCCTGG,0.3164306946830747,-0.032874,65.2174,multivariate_anomaly
837,hct116.csv,hct116,TTTCACCTGAGCAGACAGACGGG,0.0454275598864603,-0.059799,56.5217,multivariate_anomaly
839,hct116.csv,hct116,GACCGTTAGATAACTCACAGAGG,0.1946856581100339,-0.000111,47.8261,multivariate_anomaly
855,hct116.csv,hct116,TGTTGGAAGGCCTTGTAGCCTGG,0.179993097019785,-0.002849,56.5217,multivariate_anomaly
1296,hct116.csv,hct116,TGAAGACGATAGTGAAGGAGAGG,0.1483003070511329,-0.01339,47.8261,multivariate_anomaly
1565,hct116.csv,hct116,CAAGCCACCGAGGAGACAGCAGG,0.1008298587369932,-0.005157,65.2174,multivariate_anomaly
1866,hct116.csv,hct116,GCTACTCCGCTGTGACCAGGTGG,0.09273163512157,-0.046188,65.2174,multivariate_anomaly
2082,hct116.csv,hct116,CTCCAGCAGTGCGTTTAGAATGG,0.0700566089981844,-0.035405,52.1739,multivariate_anomaly
2148,hct116.csv,hct116,CTGCGATTCGGTCCCAACGGAGG,0.5085937040874634,-0.001504,65.2174,multivariate_anomaly
2157,hct116.csv,hct116,ACGTTTGGGAAAGTACCAGGAGG,0.3541004961451437,-0.042251,52.1739,multivariate_anomaly
2184,hct116.csv,hct116,GCTTGGAGGACATGTTCCGGAGG,0.6645080196561155,-0.00347,60.8696,multivariate_anomaly
2197,hct116.csv,hct116,CATACCAACTCCACGTCAGACGG,0.1249573404507236,-0.00881,56.5217,multivariate_anomaly
2254,hct116.csv,hct116,CACTCACCTCAATGAAAGACAGG,0.0732541011611938,-0.041805,47.8261,multivariate_anomaly
2273,hct116.csv,hct116,ATGGCACCGTGGCCAGAAGGGGG,0.0188444877861468,-0.018241,69.5652,multivariate_anomaly
2309,hct116.csv,hct116,GGTATCTAGCAGAGTGGAAAAGG,0.0518120948916013,-0.042195,47.8261,multivariate_anomaly
2330,hct116.csv,hct116,TCCAGATGCAGAGCTCCAGAGGG,0.1453126173576828,-0.053111,60.8696,multivariate_anomaly
2340,hct116.csv,hct116,CGTACGGATACCGGAAAGGCTGG,0.223003317461758,-0.002052,60.8696,multivariate_anomaly
2341,hct116.csv,hct116,CCTTTCCGGTATCCGTACGGGGG,0.3970367552887173,-0.016156,65.2174,multivariate_anomaly
2632,hct116.csv,hct116,ACCTCTGCGCTCGGAGACGGCGG,0.048896734390034,-0.009325,73.913,multivariate_anomaly
2656,hct116.csv,hct116,ATATGTAGTTGACACGGGCATGG,0.1064724919658333,-0.011072,47.8261,multivariate_anomaly
2842,hct116.csv,hct116,TGTCGGAGAAACCACTGCCAAGG,0.2367232756648929,-0.00273,56.5217,multivariate_anomaly
2851,hct116.csv,hct116,GCGTGTGAGAGACTTAGCCCTGG,0.4262217082667737,-0.056176,60.8696,multivariate_anomaly
2908,hct116.csv,hct116,CGTCATCGTGGAGCGTGGGAAGG,0.2032854491232,-0.003461,65.2174,multivariate_anomaly
2914,hct116.csv,hct116,GCCGAAGAGCGCCTTCCACACGG,0.2708612066993757,-0.007998,69.5652,multivariate_anomaly
3095,hct116.csv,hct116,AAGTACTCGCCGAGTGGAACGGG,0.2354902558116013,-0.004705,60.8696,multivariate_anomaly
3182,hct116.csv,hct116,ATACTCAGATCAACGAAGGGAGG,0.2585205588410685,-0.021216,47.8261,multivariate_anomaly
3216,hct116.csv,hct116,CAATAGTAGCTCCTAAACGCGGG,0.6769740593639524,-0.005784,52.1739,multivariate_anomaly
3273,hct116.csv,hct116,AAACGTTGCCGGTGCCCGGCAGG,0.1313000781727299,-0.002541,69.5652,multivariate_anomaly
3383,hct116.csv,hct116,ACCATGAATCGCGAGTGGACGGG,0.7656574449438897,-0.005604,60.8696,multivariate_anomaly
3641,hct116.csv,hct116,AGCTCTCCGATTTGCACAGAAGG,0.0253335159993129,-0.028137,52.1739,multivariate_anomaly
3752,hct116.csv,hct116,GAATGGAGGAAGCAACCCACAGG,0.5152185734705355,-0.023584,56.5217,multivariate_anomaly
3816,hct116.csv,hct116,TCTAGGGCAAGTTGGAAGACCGG,0.3815822098341719,-0.043758,56.5217,multivariate_anomaly
4189,hct116.csv,hct116,AGACCATGCTGACAAAGGCCCGG,0.0988235891445167,-0.010394,60.8696,multivariate_anomaly
4196,hct116.csv,hct116,ATGTTCCACCACTTCCAGAGGGG,0.5946020635432627,-0.000831,56.5217,multivariate_anomaly
4204,hct116.csv,hct116,GGCTTCTTCCAAGCGACCCAGGG,0.3780503394053318,-0.021162,65.2174,multivariate_anomaly
4217,hct116.csv,hct116,CTTCACCAGGTAACAGAGCATGG,0.1030346654245167,-0.04463,52.1739,multivariate_anomaly
4221,hct116.csv,hct116,GATATCGTCTGTATGGCCAGTGG,0.4377159611407549,-0.047987,52.1739,multivariate_anomaly
4230,hct116.csv,hct116,AGGACGCCTATGCCATGAAGCGG,0.360537277755175,-0.009021,60.8696,multivariate_anomaly
