feature,model,split_type,cell_line,held_out_cell_line,environment,baseline_environment,expanded_environment,delta_r2,delta_r2_ci_low,delta_r2_ci_high,delta_rmse,raw_importance,normalized_importance,importance_method,effect_direction,evidence_tier,evidence_strength,coverage,snr,fdr,robustness_metric,robustness_value,statistical_metric,statistical_value,eligible,filter_mode,filter_pass,filter_reason,n_importance_contexts,n_paired,importance_value,importance_metric,cell_line_consistency,direction_concordance,permutation_fdr,ci_excludes_zero
ctcf,cnn,all,hct116,hct116,ctcf,,,-0.005216999999999999,,,0.000466,0.08120360754764876,0.3183224251729494,CNN_IG,-,Inconclusive,Weak attribution evidence,7,1.2014190898533317,0.0069930069930069,ISM_SNR,1.2014190898533317,,,False,strict,False,filter_mode=strict excludes: Weak attribution evidence,24.0,24.0,0.08120360754764876,CNN_IG,Context-conflicting,0.5714285714285714,0.0069930069930069,False
dnase,cnn,all,hct116,hct116,dnase,,,-0.0012232500000000002,,,0.00011020833333333335,0.08828544754639138,0.34608361154344114,CNN_IG,-,Inconclusive,Weak attribution evidence,7,1.496137093698633,0.0069930069930069,ISM_SNR,1.496137093698633,,,False,strict,False,filter_mode=strict excludes: Weak attribution evidence,24.0,24.0,0.08828544754639138,CNN_IG,Uncertain,0.5714285714285714,0.0069930069930069,False
h3k4me3,cnn,all,hct116,hct116,h3k4me3,,,-0.00418475,,,0.0003745,0.08475313488967495,0.3322367595954499,CNN_IG,-,Inconclusive,not attribution-supported,7,1.1800019968894946,0.0069930069930069,ISM_SNR,1.1800019968894946,,,False,strict,False,filter_mode=strict excludes: not attribution-supported,24.0,24.0,0.08475313488967495,CNN_IG,Context-conflicting,0.7142857142857143,0.0069930069930069,False
rrbs,cnn,all,hct116,hct116,rrbs,,,0.0018730833333333334,,,-0.00016504166666666666,0.0008564179875254421,0.003357203688159653,CNN_IG,+,Inconclusive,below min effect,7,1.2917323573559953,0.0069930069930069,ISM_SNR,1.2917323573559953,,,False,strict,False,filter_mode=strict excludes: below min effect,24.0,24.0,0.0008564179875254421,CNN_IG,Uncertain,0.5714285714285714,0.0069930069930069,False
ctcf,cnn,all,hek293t,hek293t,ctcf,,,0.011406458333333334,,,-0.0005933333333333333,0.0782143430891047,0.4228572615404422,CNN_IG,+,Inconclusive,Weak attribution evidence,7,1.4912594746852266,0.0069930069930069,ISM_SNR,1.4912594746852266,,,False,strict,False,filter_mode=strict excludes: Weak attribution evidence,24.0,24.0,0.0782143430891047,CNN_IG,Context-conflicting,0.5714285714285714,0.0069930069930069,False
dnase,cnn,all,hek293t,hek293t,dnase,,,0.011477083333333332,,,-0.000588125,0.06319330951252179,0.34164769213365537,CNN_IG,+,Inconclusive,Weak attribution evidence,7,1.7817944601394127,0.0069930069930069,ISM_SNR,1.7817944601394127,,,False,strict,False,filter_mode=strict excludes: Weak attribution evidence,24.0,24.0,0.06319330951252179,CNN_IG,Uncertain,0.5714285714285714,0.0069930069930069,False
h3k4me3,cnn,all,hek293t,hek293t,h3k4me3,,,-0.0013402500000000003,,,6.808333333333326e-05,0.04303605857300263,0.23266972727677318,CNN_IG,-,Inconclusive,Weak attribution evidence,7,1.4914403761858523,0.0069930069930069,ISM_SNR,1.4914403761858523,,,False,strict,False,filter_mode=strict excludes: Weak attribution evidence,24.0,24.0,0.04303605857300263,CNN_IG,Context-conflicting,0.7142857142857143,0.0069930069930069,False
rrbs,cnn,all,hek293t,hek293t,rrbs,,,-0.030452499999999997,,,0.0015579166666666667,0.0005225888107957855,0.0028253190491292998,CNN_IG,-,Inconclusive,below min effect,7,1.5124356026450794,0.0069930069930069,ISM_SNR,1.5124356026450794,,,False,strict,False,filter_mode=strict excludes: below min effect,24.0,24.0,0.0005225888107957855,CNN_IG,Uncertain,0.5714285714285714,0.0069930069930069,False
ctcf,cnn,all,hela,hela,ctcf,,,-0.0012193333333333333,,,0.00010854166666666668,0.025976863240429093,0.30630095699206555,CNN_IG,-,Inconclusive,Strong attribution evidence,7,2.506980858095314,0.0069930069930069,ISM_SNR,2.506980858095314,,,True,strict,True,SNR=2.51 >= 2.5,24.0,24.0,0.025976863240429093,CNN_IG,Context-conflicting,0.5714285714285714,0.0069930069930069,False
dnase,cnn,all,hela,hela,dnase,,,-0.0002672916666666666,,,2.579166666666667e-05,0.03194794220810953,0.37670773340490166,CNN_IG,-,Inconclusive,Strong attribution evidence,7,2.9147699835939687,0.0069930069930069,ISM_SNR,2.9147699835939687,,,True,strict,True,SNR=2.91 >= 2.5,24.0,24.0,0.03194794220810953,CNN_IG,Uncertain,0.5714285714285714,0.0069930069930069,False
h3k4me3,cnn,all,hela,hela,h3k4me3,,,-0.00338825,,,0.00030416666666666667,0.025974999514193835,0.3062789812390985,CNN_IG,-,Inconclusive,Moderate attribution evidence,7,1.9723862173116726,0.0069930069930069,ISM_SNR,1.9723862173116726,,,False,strict,False,filter_mode=strict excludes: Moderate attribution evidence,24.0,24.0,0.025974999514193835,CNN_IG,Context-conflicting,0.7142857142857143,0.0069930069930069,False
rrbs,cnn,all,hela,hela,rrbs,,,0.0009984583333333336,,,-9.029166666666667e-05,0.0009084943502272458,0.010712328363934273,CNN_IG,+,Inconclusive,below min effect,7,2.1379940727374693,0.0069930069930069,ISM_SNR,2.1379940727374693,,,False,strict,False,filter_mode=strict excludes: below min effect,24.0,24.0,0.0009084943502272458,CNN_IG,Uncertain,0.5714285714285714,0.0069930069930069,False
ctcf,cnn,all,hl60,hl60,ctcf,,,0.023183875000000003,,,-0.0012959583333333334,0.06665797682035078,0.4063652096760957,CNN_IG,+,Inconclusive,not attribution-supported,7,1.091808077433835,0.0069930069930069,ISM_SNR,1.091808077433835,,,False,strict,False,filter_mode=strict excludes: not attribution-supported,24.0,24.0,0.06665797682035078,CNN_IG,Context-conflicting,0.5714285714285714,0.0069930069930069,False
dnase,cnn,all,hl60,hl60,dnase,,,-0.0011032083333333336,,,5.8791666666666655e-05,0.05116023208029106,0.311886730262087,CNN_IG,-,Inconclusive,Weak attribution evidence,7,1.3387817161670628,0.0069930069930069,ISM_SNR,1.3387817161670628,,,False,strict,False,filter_mode=strict excludes: Weak attribution evidence,24.0,24.0,0.05116023208029106,CNN_IG,Uncertain,0.5714285714285714,0.0069930069930069,False
h3k4me3,cnn,all,hl60,hl60,h3k4me3,,,0.016789666666666668,,,-0.0009345416666666667,0.044248311124949445,0.26974977468283406,CNN_IG,+,Inconclusive,Weak attribution evidence,7,1.2513512527381165,0.0069930069930069,ISM_SNR,1.2513512527381165,,,False,strict,False,filter_mode=strict excludes: Weak attribution evidence,24.0,24.0,0.044248311124949445,CNN_IG,Context-conflicting,0.7142857142857143,0.0069930069930069,False
rrbs,cnn,all,hl60,hl60,rrbs,,,0.011162499999999999,,,-0.0006260833333333333,0.0019681345982194504,0.011998285378983342,CNN_IG,+,Inconclusive,below min effect,7,1.2624819410451944,0.0069930069930069,ISM_SNR,1.2624819410451944,,,False,strict,False,filter_mode=strict excludes: below min effect,24.0,24.0,0.0019681345982194504,CNN_IG,Uncertain,0.5714285714285714,0.0069930069930069,False
ctcf,cnn,mixed,none,,ctcf,,,0.0006879166666666669,,,-5.979166666666667e-05,0.06414290463991658,0.41597805469856824,CNN_IG,+,Inconclusive,Weak attribution evidence,7,1.458280432321455,0.0069930069930069,ISM_SNR,1.458280432321455,,,False,strict,False,filter_mode=strict excludes: Weak attribution evidence,96.0,96.0,0.06414290463991658,CNN_IG,Context-conflicting,0.5714285714285714,0.0069930069930069,False
dnase,cnn,mixed,none,,dnase,,,0.000233,,,-2.0166666666666664e-05,0.043307175560887194,0.28085467512639695,CNN_IG,+,Inconclusive,Weak attribution evidence,7,1.5431298846783845,0.0069930069930069,ISM_SNR,1.5431298846783845,,,False,strict,False,filter_mode=strict excludes: Weak attribution evidence,96.0,96.0,0.043307175560887194,CNN_IG,Uncertain,0.5714285714285714,0.0069930069930069,False
h3k4me3,cnn,mixed,none,,h3k4me3,,,0.000945875,,,-8.2125e-05,0.0459015505859183,0.2976796549449659,CNN_IG,+,Inconclusive,Weak attribution evidence,7,1.414237439983349,0.0069930069930069,ISM_SNR,1.414237439983349,,,False,strict,False,filter_mode=strict excludes: Weak attribution evidence,96.0,96.0,0.0459015505859183,CNN_IG,Context-conflicting,0.7142857142857143,0.0069930069930069,False
rrbs,cnn,mixed,none,,rrbs,,,-0.0010784166666666665,,,9.154166666666668e-05,0.0008461782452873259,0.005487615230069,CNN_IG,-,Inconclusive,below min effect,7,1.4156272305931517,0.0069930069930069,ISM_SNR,1.4156272305931517,,,False,strict,False,filter_mode=strict excludes: below min effect,96.0,96.0,0.0008461782452873259,CNN_IG,Uncertain,0.5714285714285714,0.0069930069930069,False
ctcf,cnn,single,hct116,,ctcf,,,0.005678916666666666,,,-0.000542125,0.07817421113698582,0.37736210039621143,CNN_IG,+,Inconclusive,Moderate attribution evidence,7,1.8190568949001422,0.0069930069930069,ISM_SNR,1.8190568949001422,,,False,strict,False,filter_mode=strict excludes: Moderate attribution evidence,24.0,24.0,0.07817421113698582,CNN_IG,Context-conflicting,0.5714285714285714,0.0069930069930069,False
dnase,cnn,single,hct116,,dnase,,,0.003786458333333333,,,-0.00037174999999999996,0.06833804854977531,0.329881033177712,CNN_IG,+,Inconclusive,Weak attribution evidence,7,1.7134419431289036,0.0069930069930069,ISM_SNR,1.7134419431289036,,,False,strict,False,filter_mode=strict excludes: Weak attribution evidence,24.0,24.0,0.06833804854977531,CNN_IG,Uncertain,0.5714285714285714,0.0069930069930069,False
h3k4me3,cnn,single,hct116,,h3k4me3,,,-0.0055600833333333335,,,0.00051925,0.059546056955998274,0.2874403821466479,CNN_IG,-,Inconclusive,Weak attribution evidence,7,1.7378229640316272,0.0069930069930069,ISM_SNR,1.7378229640316272,,,False,strict,False,filter_mode=strict excludes: Weak attribution evidence,24.0,24.0,0.059546056955998274,CNN_IG,Context-conflicting,0.7142857142857143,0.0069930069930069,False
rrbs,cnn,single,hct116,,rrbs,,,-0.00022220833333333316,,,2.287500000000001e-05,0.0011013611704253023,0.005316484279428658,CNN_IG,-,Inconclusive,below min effect,7,1.5274437686455424,0.0069930069930069,ISM_SNR,1.5274437686455424,,,False,strict,False,filter_mode=strict excludes: below min effect,24.0,24.0,0.0011013611704253023,CNN_IG,Uncertain,0.5714285714285714,0.0069930069930069,False
ctcf,cnn,single,hek293t,,ctcf,,,0.013948375,,,-0.0008496666666666666,0.02594253110388801,0.07285632991305724,CNN_IG,+,Inconclusive,Moderate attribution evidence,7,1.881204849244028,0.0069930069930069,ISM_SNR,1.881204849244028,,,False,strict,False,filter_mode=strict excludes: Moderate attribution evidence,24.0,24.0,0.02594253110388801,CNN_IG,Context-conflicting,0.5714285714285714,0.0069930069930069,False
dnase,cnn,single,hek293t,,dnase,,,0.005583125,,,-0.000340125,0.2932690668094426,0.8236092229859935,CNN_IG,+,Inconclusive,Moderate attribution evidence,7,2.225899076656155,0.0069930069930069,ISM_SNR,2.225899076656155,,,False,strict,False,filter_mode=strict excludes: Moderate attribution evidence,24.0,24.0,0.2932690668094426,CNN_IG,Uncertain,0.5714285714285714,0.0069930069930069,False
h3k4me3,cnn,single,hek293t,,h3k4me3,,,-0.016617666666666666,,,0.0010205416666666668,0.03624841113984566,0.10179909547965958,CNN_IG,-,Inconclusive,Weak attribution evidence,7,1.7515963105403858,0.0069930069930069,ISM_SNR,1.7515963105403858,,,False,strict,False,filter_mode=strict excludes: Weak attribution evidence,24.0,24.0,0.03624841113984566,CNN_IG,Context-conflicting,0.7142857142857143,0.0069930069930069,False
rrbs,cnn,single,hek293t,,rrbs,,,-0.002864666666666667,,,0.00018062499999999999,0.0006179204122031973,0.0017353516212896204,CNN_IG,-,Inconclusive,below min effect,7,1.6497001604757449,0.0069930069930069,ISM_SNR,1.6497001604757449,,,False,strict,False,filter_mode=strict excludes: below min effect,24.0,24.0,0.0006179204122031973,CNN_IG,Uncertain,0.5714285714285714,0.0069930069930069,False
ctcf,cnn,single,hela,,ctcf,,,0.002353916666666667,,,-0.00022695833333333335,0.1372069136232301,0.3332393282121854,CNN_IG,+,Inconclusive,Moderate attribution evidence,7,1.8143990823756093,0.0069930069930069,ISM_SNR,1.8143990823756093,,,False,strict,False,filter_mode=strict excludes: Moderate attribution evidence,24.0,24.0,0.1372069136232301,CNN_IG,Context-conflicting,0.5714285714285714,0.0069930069930069,False
dnase,cnn,single,hela,,dnase,,,0.003333916666666667,,,-0.0003281666666666667,0.1904532039200895,0.462560493886393,CNN_IG,+,Inconclusive,Weak attribution evidence,7,1.7281886660966321,0.0069930069930069,ISM_SNR,1.7281886660966321,,,False,strict,False,filter_mode=strict excludes: Weak attribution evidence,24.0,24.0,0.1904532039200895,CNN_IG,Uncertain,0.5714285714285714,0.0069930069930069,False
h3k4me3,cnn,single,hela,,h3k4me3,,,-0.00028591666666666696,,,2.637500000000003e-05,0.08172290801727777,0.1984833434997774,CNN_IG,-,Inconclusive,Weak attribution evidence,7,1.7681715280033539,0.0069930069930069,ISM_SNR,1.7681715280033539,,,False,strict,False,filter_mode=strict excludes: Weak attribution evidence,24.0,24.0,0.08172290801727777,CNN_IG,Context-conflicting,0.7142857142857143,0.0069930069930069,False
rrbs,cnn,single,hela,,rrbs,,,0.005997416666666667,,,-0.0005884999999999999,0.0023538314284599162,0.0057168344016442375,CNN_IG,+,Inconclusive,below min effect,7,1.391916681566964,0.0069930069930069,ISM_SNR,1.391916681566964,,,False,strict,False,filter_mode=strict excludes: below min effect,24.0,24.0,0.0023538314284599162,CNN_IG,Uncertain,0.5714285714285714,0.0069930069930069,False
ctcf,cnn,single,hl60,,ctcf,,,-0.017229916666666668,,,0.000978875,0.013418945094295323,0.14637243977790093,CNN_IG,-,Inconclusive,Weak attribution evidence,7,1.6918330830724342,0.0069930069930069,ISM_SNR,1.6918330830724342,,,False,strict,False,filter_mode=strict excludes: Weak attribution evidence,24.0,24.0,0.013418945094295323,CNN_IG,Context-conflicting,0.5714285714285714,0.0069930069930069,False
dnase,cnn,single,hl60,,dnase,,,0.013173791666666665,,,-0.0007400833333333334,0.034928286598489684,0.380994071497926,CNN_IG,+,Inconclusive,Moderate attribution evidence,7,2.084910276359406,0.0069930069930069,ISM_SNR,2.084910276359406,,,False,strict,False,filter_mode=strict excludes: Moderate attribution evidence,24.0,24.0,0.034928286598489684,CNN_IG,Uncertain,0.5714285714285714,0.0069930069930069,False
h3k4me3,cnn,single,hl60,,h3k4me3,,,0.013497374999999999,,,-0.00076275,0.04159092919144199,0.4536694751787399,CNN_IG,+,Inconclusive,Moderate attribution evidence,7,1.922121840218703,0.0069930069930069,ISM_SNR,1.922121840218703,,,False,strict,False,filter_mode=strict excludes: Moderate attribution evidence,24.0,24.0,0.04159092919144199,CNN_IG,Context-conflicting,0.7142857142857143,0.0069930069930069,False
rrbs,cnn,single,hl60,,rrbs,,,-0.0018319583333333328,,,0.0001131666666666667,0.0017385585491351526,0.01896401354543313,CNN_IG,-,Inconclusive,below min effect,7,1.7482719322045643,0.0069930069930069,ISM_SNR,1.7482719322045643,,,False,strict,False,filter_mode=strict excludes: below min effect,24.0,24.0,0.0017385585491351526,CNN_IG,Uncertain,0.5714285714285714,0.0069930069930069,False
ctcf,linear,all,hct116,hct116,ctcf,,,-0.00356675,,,0.00032175,13395116274.407597,0.14396958155874956,Linear_Coefficient,-,Inconclusive,not statistically supported,7,,0.2264889350178576,,,FDR,0.2264889350178576,False,strict,False,filter_mode=strict excludes: not statistically supported,16.0,4.0,13395116274.407597,Linear_Coefficient,Context-conflicting,0.5714285714285714,0.0069930069930069,False
dnase,linear,all,hct116,hct116,dnase,,,,,,,77563846891.73784,0.8336496938384562,Linear_Coefficient,,Inconclusive,not statistically supported,7,,0.2264889350178576,,,FDR,0.2264889350178576,False,strict,False,"evidence unavailable (missing metric), not drawn",16.0,,77563846891.73784,Linear_Coefficient,Uncertain,0.5714285714285714,0.0069930069930069,False
h3k4me3,linear,all,hct116,hct116,h3k4me3,,,-0.0022299999999999998,,,0.00020124999999999999,1428182406.0282047,0.015349984216134935,Linear_Coefficient,-,Inconclusive,not statistically supported,7,,0.2264889350178576,,,FDR,0.2264889350178576,False,strict,False,filter_mode=strict excludes: not statistically supported,16.0,4.0,1428182406.0282047,Linear_Coefficient,Context-conflicting,0.7142857142857143,0.0069930069930069,False
rrbs,linear,all,hct116,hct116,rrbs,,,-0.0016075,,,0.000145,654149188.7023752,0.007030740386659428,Linear_Coefficient,-,Inconclusive,not statistically supported,7,,0.237344471731227,,,FDR,0.237344471731227,False,strict,False,filter_mode=strict excludes: not statistically supported,16.0,4.0,654149188.7023752,Linear_Coefficient,Uncertain,0.5714285714285714,0.0069930069930069,False
ctcf,linear,all,hek293t,hek293t,ctcf,,,0.013563625,,,-0.000674875,11759843448.392897,0.5278777735113787,Linear_Coefficient,+,Inconclusive,not statistically supported,7,,0.0922917477928706,,,FDR,0.0922917477928706,False,strict,False,filter_mode=strict excludes: not statistically supported,16.0,8.0,11759843448.392897,Linear_Coefficient,Context-conflicting,0.5714285714285714,0.0069930069930069,False
dnase,linear,all,hek293t,hek293t,dnase,,,0.000637625,,,-3.1624999999999996e-05,5380991969.599664,0.24154284643840757,Linear_Coefficient,+,Inconclusive,Moderate statistical evidence,7,,0.0019917555189539,,,FDR,0.0019917555189539,False,strict,False,filter_mode=strict excludes: Moderate statistical evidence,16.0,8.0,5380991969.599664,Linear_Coefficient,Uncertain,0.5714285714285714,0.0069930069930069,False
h3k4me3,linear,all,hek293t,hek293t,h3k4me3,,,-0.00888675,,,0.000442,2705334989.806133,0.12143751889966294,Linear_Coefficient,-,Inconclusive,not statistically supported,7,,0.1230450324019935,,,FDR,0.1230450324019935,False,strict,False,filter_mode=strict excludes: not statistically supported,16.0,8.0,2705334989.806133,Linear_Coefficient,Context-conflicting,0.7142857142857143,0.0069930069930069,False
rrbs,linear,all,hek293t,hek293t,rrbs,,,-0.002337625,,,0.000116375,2431417394.710685,0.1091418611505509,Linear_Coefficient,-,Inconclusive,Weak statistical evidence,7,,0.0310142255128529,,,FDR,0.0310142255128529,False,strict,False,filter_mode=strict excludes: Weak statistical evidence,16.0,8.0,2431417394.710685,Linear_Coefficient,Uncertain,0.5714285714285714,0.0069930069930069,False
ctcf,linear,all,hela,hela,ctcf,,,0.00427175,,,-0.000390125,61408580931.23697,0.09160563056169174,Linear_Coefficient,+,Inconclusive,Strong statistical evidence,7,,1.3429146167180628e-10,,,FDR,1.3429146167180628e-10,True,strict,True,FDR=1.34291e-10 < 0.001,16.0,8.0,61408580931.23697,Linear_Coefficient,Context-conflicting,0.5714285714285714,0.0069930069930069,False
dnase,linear,all,hela,hela,dnase,,,-0.000876625,,,8e-05,591752640754.6045,0.8827410269188884,Linear_Coefficient,-,Inconclusive,Strong statistical evidence,7,,2.649880315175324e-12,,,FDR,2.649880315175324e-12,True,strict,True,FDR=2.64988e-12 < 0.001,16.0,8.0,591752640754.6045,Linear_Coefficient,Uncertain,0.5714285714285714,0.0069930069930069,False
h3k4me3,linear,all,hela,hela,h3k4me3,,,0.001825375,,,-0.000166875,9719051439.091524,0.014498296850996175,Linear_Coefficient,+,Inconclusive,Strong statistical evidence,7,,2.649880315175324e-12,,,FDR,2.649880315175324e-12,True,strict,True,FDR=2.64988e-12 < 0.001,16.0,8.0,9719051439.091524,Linear_Coefficient,Context-conflicting,0.7142857142857143,0.0069930069930069,False
rrbs,linear,all,hela,hela,rrbs,,,-0.00778475,,,0.000711125,7477875765.067933,0.011155045668423699,Linear_Coefficient,-,Inconclusive,Strong statistical evidence,7,,2.649880315175324e-12,,,FDR,2.649880315175324e-12,True,strict,True,FDR=2.64988e-12 < 0.001,16.0,8.0,7477875765.067933,Linear_Coefficient,Uncertain,0.5714285714285714,0.0069930069930069,False
ctcf,linear,all,hl60,hl60,ctcf,,,0.00895375,,,-0.0005155,10441274483.833874,0.44956073348602676,Linear_Coefficient,+,Inconclusive,not statistically supported,7,,0.5221316143061063,,,FDR,0.5221316143061063,False,strict,False,filter_mode=strict excludes: not statistically supported,16.0,8.0,10441274483.833874,Linear_Coefficient,Context-conflicting,0.5714285714285714,0.0069930069930069,False
dnase,linear,all,hl60,hl60,dnase,,,-0.0023648750000000002,,,0.000136375,7014714739.3968315,0.3020263769831048,Linear_Coefficient,-,Inconclusive,not statistically supported,7,,0.2550551816496734,,,FDR,0.2550551816496734,False,strict,False,filter_mode=strict excludes: not statistically supported,16.0,8.0,7014714739.3968315,Linear_Coefficient,Uncertain,0.5714285714285714,0.0069930069930069,False
h3k4me3,linear,all,hl60,hl60,h3k4me3,,,0.00292175,,,-0.00016825,4551496227.32381,0.19596975307781128,Linear_Coefficient,+,Inconclusive,not statistically supported,7,,0.0646714913181921,,,FDR,0.0646714913181921,False,strict,False,filter_mode=strict excludes: not statistically supported,16.0,8.0,4551496227.32381,Linear_Coefficient,Context-conflicting,0.7142857142857143,0.0069930069930069,False
rrbs,linear,all,hl60,hl60,rrbs,,,-0.01075725,,,0.00061925,1218018260.2992902,0.0524431364530571,Linear_Coefficient,-,Inconclusive,Weak statistical evidence,7,,0.0103741629604243,,,FDR,0.0103741629604243,False,strict,False,filter_mode=strict excludes: Weak statistical evidence,16.0,8.0,1218018260.2992902,Linear_Coefficient,Uncertain,0.5714285714285714,0.0069930069930069,False
ctcf,linear,mixed,none,,ctcf,,,-0.0016045,,,0.00013937499999999999,10579713272.689627,0.45552749409621063,Linear_Coefficient,-,Inconclusive,Moderate statistical evidence,7,,0.0094874075802718,,,FDR,0.0094874075802718,False,strict,False,filter_mode=strict excludes: Moderate statistical evidence,64.0,28.0,10579713272.689627,Linear_Coefficient,Context-conflicting,0.5714285714285714,0.0069930069930069,False
dnase,linear,mixed,none,,dnase,,,0.00056925,,,-4.9749999999999996e-05,10552538168.298155,0.4543574238980697,Linear_Coefficient,+,Inconclusive,Moderate statistical evidence,7,,0.0029924198941488,,,FDR,0.0029924198941488,False,strict,False,filter_mode=strict excludes: Moderate statistical evidence,64.0,26.0,10552538168.298155,Linear_Coefficient,Uncertain,0.5714285714285714,0.0069930069930069,False
h3k4me3,linear,mixed,none,,h3k4me3,,,-0.001668,,,0.00014275,1782346601.8531961,0.07674195511979841,Linear_Coefficient,-,Inconclusive,Weak statistical evidence,7,,0.0402930761734566,,,FDR,0.0402930761734566,False,strict,False,filter_mode=strict excludes: Weak statistical evidence,64.0,29.0,1782346601.8531961,Linear_Coefficient,Context-conflicting,0.7142857142857143,0.0069930069930069,False
rrbs,linear,mixed,none,,rrbs,,,-0.000828,,,7.275e-05,310593432.55022395,0.013373126885921287,Linear_Coefficient,-,Inconclusive,Moderate statistical evidence,7,,0.0063217788985294,,,FDR,0.0063217788985294,False,strict,False,filter_mode=strict excludes: Moderate statistical evidence,64.0,28.0,310593432.55022395,Linear_Coefficient,Uncertain,0.5714285714285714,0.0069930069930069,False
ctcf,linear,single,hct116,,ctcf,,,-0.014134875,,,0.001360375,1303859094.9995527,0.47482580234462757,Linear_Coefficient,-,Inconclusive,not statistically supported,7,,0.4385105375177793,,,FDR,0.4385105375177793,False,strict,False,filter_mode=strict excludes: not statistically supported,16.0,8.0,1303859094.9995527,Linear_Coefficient,Context-conflicting,0.5714285714285714,0.0069930069930069,False
dnase,linear,single,hct116,,dnase,,,0.000569875,,,-5.4875e-05,633486925.8999703,0.23069665964587086,Linear_Coefficient,+,Inconclusive,Weak statistical evidence,7,,0.0170489929328023,,,FDR,0.0170489929328023,False,strict,False,filter_mode=strict excludes: Weak statistical evidence,16.0,8.0,633486925.8999703,Linear_Coefficient,Uncertain,0.5714285714285714,0.0069930069930069,False
h3k4me3,linear,single,hct116,,h3k4me3,,,-0.003217125,,,0.00030937499999999997,266064307.55044338,0.09689252373390114,Linear_Coefficient,-,Inconclusive,not statistically supported,7,,0.452784868456764,,,FDR,0.452784868456764,False,strict,False,filter_mode=strict excludes: not statistically supported,16.0,8.0,266064307.55044338,Linear_Coefficient,Context-conflicting,0.7142857142857143,0.0069930069930069,False
rrbs,linear,single,hct116,,rrbs,,,-0.00182875,,,0.000176,542563223.4532105,0.19758501427560046,Linear_Coefficient,-,Inconclusive,not statistically supported,7,,0.2650550185566622,,,FDR,0.2650550185566622,False,strict,False,filter_mode=strict excludes: not statistically supported,16.0,8.0,542563223.4532105,Linear_Coefficient,Uncertain,0.5714285714285714,0.0069930069930069,False
ctcf,linear,single,hek293t,,ctcf,,,-0.003151875,,,0.000186375,46728350713.76244,0.13497648935294268,Linear_Coefficient,-,Inconclusive,not statistically supported,7,,0.1792279103441339,,,FDR,0.1792279103441339,False,strict,False,filter_mode=strict excludes: not statistically supported,16.0,8.0,46728350713.76244,Linear_Coefficient,Context-conflicting,0.5714285714285714,0.0069930069930069,False
dnase,linear,single,hek293t,,dnase,,,0.000386375,,,-2.2625e-05,285221801344.71606,0.8238732342225314,Linear_Coefficient,+,Inconclusive,not statistically supported,7,,0.0942620763408439,,,FDR,0.0942620763408439,False,strict,False,filter_mode=strict excludes: not statistically supported,16.0,8.0,285221801344.71606,Linear_Coefficient,Uncertain,0.5714285714285714,0.0069930069930069,False
h3k4me3,linear,single,hek293t,,h3k4me3,,,-0.029480375,,,0.00174675,7402609238.960944,0.0213826979096082,Linear_Coefficient,-,Inconclusive,not statistically supported,7,,0.1710305105078272,,,FDR,0.1710305105078272,False,strict,False,filter_mode=strict excludes: not statistically supported,16.0,8.0,7402609238.960944,Linear_Coefficient,Context-conflicting,0.7142857142857143,0.0069930069930069,False
rrbs,linear,single,hek293t,,rrbs,,,-0.015221624999999999,,,0.000902375,6843461005.950136,0.019767578514917644,Linear_Coefficient,-,Inconclusive,not statistically supported,7,,0.0793286006529938,,,FDR,0.0793286006529938,False,strict,False,filter_mode=strict excludes: not statistically supported,16.0,8.0,6843461005.950136,Linear_Coefficient,Uncertain,0.5714285714285714,0.0069930069930069,False
ctcf,linear,single,hela,,ctcf,,,-0.008970375,,,0.00087075,10893949338.370756,0.17913037757367983,Linear_Coefficient,-,Inconclusive,not statistically supported,7,,0.1839677670549983,,,FDR,0.1839677670549983,False,strict,False,filter_mode=strict excludes: not statistically supported,16.0,8.0,10893949338.370756,Linear_Coefficient,Context-conflicting,0.5714285714285714,0.0069930069930069,False
dnase,linear,single,hela,,dnase,,,1.725e-05,,,-1.5e-06,48119258129.09144,0.7912301232087994,Linear_Coefficient,+,Inconclusive,not statistically supported,7,,0.4079528589432735,,,FDR,0.4079528589432735,False,strict,False,filter_mode=strict excludes: not statistically supported,16.0,8.0,48119258129.09144,Linear_Coefficient,Uncertain,0.5714285714285714,0.0069930069930069,False
h3k4me3,linear,single,hela,,h3k4me3,,,-0.005453125,,,0.0005288749999999999,682741541.0496936,0.011226392397723245,Linear_Coefficient,-,Inconclusive,not statistically supported,7,,0.1894799157455603,,,FDR,0.1894799157455603,False,strict,False,filter_mode=strict excludes: not statistically supported,16.0,8.0,682741541.0496936,Linear_Coefficient,Context-conflicting,0.7142857142857143,0.0069930069930069,False
rrbs,linear,single,hela,,rrbs,,,0.005318625,,,-0.0005165,1119807011.931162,0.01841310681979752,Linear_Coefficient,+,Inconclusive,not statistically supported,7,,0.2201916062210358,,,FDR,0.2201916062210358,False,strict,False,filter_mode=strict excludes: not statistically supported,16.0,8.0,1119807011.931162,Linear_Coefficient,Uncertain,0.5714285714285714,0.0069930069930069,False
ctcf,linear,single,hl60,,ctcf,,,-0.02086175,,,0.0012535,26276656466.35466,0.10883018143210062,Linear_Coefficient,-,Inconclusive,Weak statistical evidence,7,,0.0341366713320888,,,FDR,0.0341366713320888,False,strict,False,filter_mode=strict excludes: Weak statistical evidence,16.0,4.0,26276656466.35466,Linear_Coefficient,Context-conflicting,0.5714285714285714,0.0069930069930069,False
dnase,linear,single,hl60,,dnase,,,0.0017215,,,-0.00010325,188887827608.76852,0.7823178179194515,Linear_Coefficient,+,Inconclusive,Weak statistical evidence,7,,0.028710461650614,,,FDR,0.028710461650614,False,strict,False,filter_mode=strict excludes: Weak statistical evidence,16.0,4.0,188887827608.76852,Linear_Coefficient,Uncertain,0.5714285714285714,0.0069930069930069,False
h3k4me3,linear,single,hl60,,h3k4me3,,,-0.0058765,,,0.0003525,19593555488.385227,0.08115074311038162,Linear_Coefficient,-,Inconclusive,Weak statistical evidence,7,,0.028710461650614,,,FDR,0.028710461650614,False,strict,False,filter_mode=strict excludes: Weak statistical evidence,16.0,2.0,19593555488.385227,Linear_Coefficient,Context-conflicting,0.7142857142857143,0.0069930069930069,False
rrbs,linear,single,hl60,,rrbs,,,-0.00911075,,,0.00054675,6688369149.397394,0.027701257538066196,Linear_Coefficient,-,Inconclusive,Weak statistical evidence,7,,0.028710461650614,,,FDR,0.028710461650614,False,strict,False,filter_mode=strict excludes: Weak statistical evidence,16.0,4.0,6688369149.397394,Linear_Coefficient,Uncertain,0.5714285714285714,0.0069930069930069,False
ctcf,mlp,all,hct116,hct116,ctcf,,,-0.0041695,,,0.00037400000000000004,0.0467995566125,0.3277609356895723,MLP_IG,-,Inconclusive,not attribution-supported,7,0.6286111319836957,0.0069930069930069,IG_SNR,0.6286111319836957,,,False,strict,False,filter_mode=strict excludes: not attribution-supported,16.0,8.0,0.0467995566125,MLP_IG,Context-conflicting,0.5714285714285714,0.0069930069930069,False
dnase,mlp,all,hct116,hct116,dnase,,,-0.005657125,,,0.000506625,0.04941347165625,0.34606750315657514,MLP_IG,-,Inconclusive,not attribution-supported,7,0.6225360048913043,0.0069930069930069,IG_SNR,0.6225360048913043,,,False,strict,False,filter_mode=strict excludes: not attribution-supported,16.0,8.0,0.04941347165625,MLP_IG,Uncertain,0.5714285714285714,0.0069930069930069,False
h3k4me3,mlp,all,hct116,hct116,h3k4me3,,,-0.005817125,,,0.000521625,0.045574824287499996,0.3191835165457326,MLP_IG,-,Inconclusive,not attribution-supported,7,0.5979179386141305,0.0069930069930069,IG_SNR,0.5979179386141305,,,False,strict,False,filter_mode=strict excludes: not attribution-supported,16.0,8.0,0.045574824287499996,MLP_IG,Context-conflicting,0.7142857142857143,0.0069930069930069,False
rrbs,mlp,all,hct116,hct116,rrbs,,,-0.0004393750000000003,,,3.9250000000000005e-05,0.00099779245675,0.0069880446081197825,MLP_IG,-,Inconclusive,below min effect,7,0.04158015001902174,0.0069930069930069,IG_SNR,0.04158015001902174,,,False,strict,False,filter_mode=strict excludes: below min effect,16.0,8.0,0.00099779245675,MLP_IG,Uncertain,0.5714285714285714,0.0069930069930069,False
ctcf,mlp,all,hek293t,hek293t,ctcf,,,0.022828624999999998,,,-0.00118075,0.035517584234374996,0.2730226448781938,MLP_IG,+,Inconclusive,not attribution-supported,7,0.4219365170923913,0.0069930069930069,IG_SNR,0.4219365170923913,,,False,strict,False,filter_mode=strict excludes: not attribution-supported,16.0,8.0,0.035517584234374996,MLP_IG,Context-conflicting,0.5714285714285714,0.0069930069930069,False
dnase,mlp,all,hek293t,hek293t,dnase,,,0.026894249999999998,,,-0.0013745,0.050300219325000006,0.38665633415387035,MLP_IG,+,Inconclusive,not attribution-supported,7,0.5985064271195653,0.0069930069930069,IG_SNR,0.5985064271195653,,,False,strict,False,filter_mode=strict excludes: not attribution-supported,16.0,8.0,0.050300219325000006,MLP_IG,Uncertain,0.5714285714285714,0.0069930069930069,False
h3k4me3,mlp,all,hek293t,hek293t,h3k4me3,,,-0.001537500000000001,,,7.562500000000004e-05,0.04350764369375,0.3344420013281548,MLP_IG,-,Inconclusive,not attribution-supported,7,0.4955455628804348,0.0069930069930069,IG_SNR,0.4955455628804348,,,False,strict,False,filter_mode=strict excludes: not attribution-supported,16.0,8.0,0.04350764369375,MLP_IG,Context-conflicting,0.7142857142857143,0.0069930069930069,False
rrbs,mlp,all,hek293t,hek293t,rrbs,,,0.006568125000000001,,,-0.00032374999999999993,0.0007648031369875,0.005879019639781005,MLP_IG,+,Inconclusive,below min effect,7,0.03236763633423913,0.0069930069930069,IG_SNR,0.03236763633423913,,,False,strict,False,filter_mode=strict excludes: below min effect,16.0,8.0,0.0007648031369875,MLP_IG,Uncertain,0.5714285714285714,0.0069930069930069,False
ctcf,mlp,all,hela,hela,ctcf,,,0.0005620000000000002,,,-5.0624999999999984e-05,0.045631693325,0.3324366207118377,MLP_IG,+,Inconclusive,not attribution-supported,7,1.0292490226358695,0.0069930069930069,IG_SNR,1.0292490226358695,,,False,strict,False,filter_mode=strict excludes: not attribution-supported,16.0,8.0,0.045631693325,MLP_IG,Context-conflicting,0.5714285714285714,0.0069930069930069,False
dnase,mlp,all,hela,hela,dnase,,,-0.0027975000000000005,,,0.000254125,0.0404341450375,0.2945713726182179,MLP_IG,-,Inconclusive,not attribution-supported,7,0.9295362179347827,0.0069930069930069,IG_SNR,0.9295362179347827,,,False,strict,False,filter_mode=strict excludes: not attribution-supported,16.0,8.0,0.0404341450375,MLP_IG,Uncertain,0.5714285714285714,0.0069930069930069,False
h3k4me3,mlp,all,hela,hela,h3k4me3,,,-0.00130825,,,0.000119,0.05044010131875,0.36746689874822785,MLP_IG,-,Inconclusive,not attribution-supported,7,1.0509463494293478,0.0069930069930069,IG_SNR,1.0509463494293478,,,False,strict,False,filter_mode=strict excludes: not attribution-supported,16.0,8.0,0.05044010131875,MLP_IG,Context-conflicting,0.7142857142857143,0.0069930069930069,False
rrbs,mlp,all,hela,hela,rrbs,,,-0.00386925,,,0.000351375,0.00075840029215625,0.005525107921716473,MLP_IG,-,Inconclusive,below min effect,7,0.04299077120923913,0.0069930069930069,IG_SNR,0.04299077120923913,,,False,strict,False,filter_mode=strict excludes: below min effect,16.0,8.0,0.00075840029215625,MLP_IG,Uncertain,0.5714285714285714,0.0069930069930069,False
ctcf,mlp,all,hl60,hl60,ctcf,,,-0.06722575,,,0.003805625,0.018106274153749997,0.16833575206154286,MLP_IG,-,Inconclusive,not attribution-supported,7,0.2874997000815217,0.0069930069930069,IG_SNR,0.2874997000815217,,,False,strict,False,filter_mode=strict excludes: not attribution-supported,16.0,8.0,0.018106274153749997,MLP_IG,Context-conflicting,0.5714285714285714,0.0069930069930069,False
dnase,mlp,all,hl60,hl60,dnase,,,-0.029874249999999998,,,0.001661625,0.0458185159,0.4259790980118811,MLP_IG,-,Inconclusive,not attribution-supported,7,0.5544790717934782,0.0069930069930069,IG_SNR,0.5544790717934782,,,False,strict,False,filter_mode=strict excludes: not attribution-supported,16.0,8.0,0.0458185159,MLP_IG,Uncertain,0.5714285714285714,0.0069930069930069,False
h3k4me3,mlp,all,hl60,hl60,h3k4me3,,,0.017329499999999998,,,-0.000960875,0.0425070327625,0.39519192447984175,MLP_IG,+,Inconclusive,not attribution-supported,7,0.5742292386684783,0.0069930069930069,IG_SNR,0.5742292386684783,,,False,strict,False,filter_mode=strict excludes: not attribution-supported,16.0,8.0,0.0425070327625,MLP_IG,Context-conflicting,0.7142857142857143,0.0069930069930069,False
rrbs,mlp,all,hl60,hl60,rrbs,,,0.010405499999999998,,,-0.0005635000000000001,0.001128656357125,0.010493225446734363,MLP_IG,+,Inconclusive,below min effect,7,0.04491274782880435,0.0069930069930069,IG_SNR,0.04491274782880435,,,False,strict,False,filter_mode=strict excludes: below min effect,16.0,8.0,0.001128656357125,MLP_IG,Uncertain,0.5714285714285714,0.0069930069930069,False
ctcf,mlp,mixed,none,,ctcf,,,0.000539375,,,-4.4499999999999984e-05,0.0409352293609375,0.30666927551335504,MLP_IG,+,Inconclusive,not attribution-supported,7,0.5121832681861412,0.0069930069930069,IG_SNR,0.5121832681861412,,,False,strict,False,filter_mode=strict excludes: not attribution-supported,64.0,32.0,0.0409352293609375,MLP_IG,Context-conflicting,0.5714285714285714,0.0069930069930069,False
dnase,mlp,mixed,none,,dnase,,,0.002877875,,,-0.000244125,0.0469810581078125,0.35196204535065373,MLP_IG,+,Inconclusive,not attribution-supported,7,0.5712798008899457,0.0069930069930069,IG_SNR,0.5712798008899457,,,False,strict,False,filter_mode=strict excludes: not attribution-supported,64.0,32.0,0.0469810581078125,MLP_IG,Uncertain,0.5714285714285714,0.0069930069930069,False
h3k4me3,mlp,mixed,none,,h3k4me3,,,0.00207375,,,-0.000176,0.04452877013125,0.33359054996970516,MLP_IG,+,Inconclusive,not attribution-supported,7,0.545441090923913,0.0069930069930069,IG_SNR,0.545441090923913,,,False,strict,False,filter_mode=strict excludes: not attribution-supported,64.0,32.0,0.04452877013125,MLP_IG,Context-conflicting,0.7142857142857143,0.0069930069930069,False
rrbs,mlp,mixed,none,,rrbs,,,-0.0007901250000000001,,,6.924999999999999e-05,0.0010382504112546875,0.007778129166286073,MLP_IG,-,Inconclusive,below min effect,7,0.04030684061752717,0.0069930069930069,IG_SNR,0.04030684061752717,,,False,strict,False,filter_mode=strict excludes: below min effect,64.0,32.0,0.0010382504112546875,MLP_IG,Uncertain,0.5714285714285714,0.0069930069930069,False
ctcf,mlp,single,hct116,,ctcf,,,-0.00254025,,,0.000244125,0.05086298579375,0.29912243411135825,MLP_IG,-,Inconclusive,not attribution-supported,7,0.5948382286956522,0.0069930069930069,IG_SNR,0.5948382286956522,,,False,strict,False,filter_mode=strict excludes: not attribution-supported,16.0,8.0,0.05086298579375,MLP_IG,Context-conflicting,0.5714285714285714,0.0069930069930069,False
dnase,mlp,single,hct116,,dnase,,,-0.0023153749999999997,,,0.00022275000000000002,0.05264135759374999,0.309580941280561,MLP_IG,-,Inconclusive,not attribution-supported,7,0.6135188185326087,0.0069930069930069,IG_SNR,0.6135188185326087,,,False,strict,False,filter_mode=strict excludes: not attribution-supported,16.0,8.0,0.05264135759374999,MLP_IG,Uncertain,0.5714285714285714,0.0069930069930069,False
h3k4me3,mlp,single,hct116,,h3k4me3,,,0.00115875,,,-0.000111375,0.06569588690625,0.3863539132796392,MLP_IG,+,Inconclusive,not attribution-supported,7,0.6626561704076087,0.0069930069930069,IG_SNR,0.6626561704076087,,,False,strict,False,filter_mode=strict excludes: not attribution-supported,16.0,8.0,0.06569588690625,MLP_IG,Context-conflicting,0.7142857142857143,0.0069930069930069,False
rrbs,mlp,single,hct116,,rrbs,,,0.0031020000000000006,,,-0.00029837500000000003,0.0008404620563749999,0.0049427113284415064,MLP_IG,+,Inconclusive,below min effect,7,0.03682459496467392,0.0069930069930069,IG_SNR,0.03682459496467392,,,False,strict,False,filter_mode=strict excludes: below min effect,16.0,8.0,0.0008404620563749999,MLP_IG,Uncertain,0.5714285714285714,0.0069930069930069,False
ctcf,mlp,single,hek293t,,ctcf,,,0.003345375,,,-0.00020362500000000003,0.036228101128125,0.2885686807980414,MLP_IG,+,Inconclusive,not attribution-supported,7,0.4674139606793478,0.0069930069930069,IG_SNR,0.4674139606793478,,,False,strict,False,filter_mode=strict excludes: not attribution-supported,16.0,8.0,0.036228101128125,MLP_IG,Context-conflicting,0.5714285714285714,0.0069930069930069,False
dnase,mlp,single,hek293t,,dnase,,,0.007162125,,,-0.00042750000000000004,0.045121681643749995,0.35940895994733096,MLP_IG,+,Inconclusive,not attribution-supported,7,0.8353761324184783,0.0069930069930069,IG_SNR,0.8353761324184783,,,False,strict,False,filter_mode=strict excludes: not attribution-supported,16.0,8.0,0.045121681643749995,MLP_IG,Uncertain,0.5714285714285714,0.0069930069930069,False
h3k4me3,mlp,single,hek293t,,h3k4me3,,,-0.025546125,,,0.001524625,0.04389846883125,0.34966566961063833,MLP_IG,-,Inconclusive,not attribution-supported,7,0.5927315655163043,0.0069930069930069,IG_SNR,0.5927315655163043,,,False,strict,False,filter_mode=strict excludes: not attribution-supported,16.0,8.0,0.04389846883125,MLP_IG,Context-conflicting,0.7142857142857143,0.0069930069930069,False
rrbs,mlp,single,hek293t,,rrbs,,,0.0007057499999999999,,,-4.2125e-05,0.00029586852777625,0.0023566896439893513,MLP_IG,+,Inconclusive,below min effect,7,0.023035741070652174,0.0069930069930069,IG_SNR,0.023035741070652174,,,False,strict,False,filter_mode=strict excludes: below min effect,16.0,8.0,0.00029586852777625,MLP_IG,Uncertain,0.5714285714285714,0.0069930069930069,False
ctcf,mlp,single,hela,,ctcf,,,0.00484925,,,-0.000473625,0.07831209361875,0.3482641977336522,MLP_IG,+,Inconclusive,not attribution-supported,7,0.6440933843206522,0.0069930069930069,IG_SNR,0.6440933843206522,,,False,strict,False,filter_mode=strict excludes: not attribution-supported,16.0,8.0,0.07831209361875,MLP_IG,Context-conflicting,0.5714285714285714,0.0069930069930069,False
dnase,mlp,single,hela,,dnase,,,0.010436625,,,-0.001014,0.07083836269374999,0.315027531665908,MLP_IG,+,Inconclusive,not attribution-supported,7,0.5868657680163043,0.0069930069930069,IG_SNR,0.5868657680163043,,,False,strict,False,filter_mode=strict excludes: not attribution-supported,16.0,8.0,0.07083836269374999,MLP_IG,Uncertain,0.5714285714285714,0.0069930069930069,False
h3k4me3,mlp,single,hela,,h3k4me3,,,0.0018245,,,-0.00018000000000000004,0.07360572905625,0.3273343744731396,MLP_IG,+,Inconclusive,not attribution-supported,7,0.596857099402174,0.0069930069930069,IG_SNR,0.596857099402174,,,False,strict,False,filter_mode=strict excludes: not attribution-supported,16.0,8.0,0.07360572905625,MLP_IG,Context-conflicting,0.7142857142857143,0.0069930069930069,False
rrbs,mlp,single,hela,,rrbs,,,0.008767375,,,-0.0008507499999999999,0.00210785213028125,0.009373896127300175,MLP_IG,+,Inconclusive,below min effect,7,0.041737671676630436,0.0069930069930069,IG_SNR,0.041737671676630436,,,False,strict,False,filter_mode=strict excludes: below min effect,16.0,8.0,0.00210785213028125,MLP_IG,Uncertain,0.5714285714285714,0.0069930069930069,False
ctcf,mlp,single,hl60,,ctcf,,,-0.034938625,,,0.002084625,0.028609524932499998,0.18502776791061704,MLP_IG,-,Inconclusive,not attribution-supported,7,0.3063757875,0.0069930069930069,IG_SNR,0.3063757875,,,False,strict,False,filter_mode=strict excludes: not attribution-supported,16.0,8.0,0.028609524932499998,MLP_IG,Context-conflicting,0.5714285714285714,0.0069930069930069,False
dnase,mlp,single,hl60,,dnase,,,-0.023480875,,,0.001398,0.0635507727625,0.4110049943500652,MLP_IG,-,Inconclusive,not attribution-supported,7,0.7405119367934783,0.0069930069930069,IG_SNR,0.7405119367934783,,,False,strict,False,filter_mode=strict excludes: not attribution-supported,16.0,8.0,0.0635507727625,MLP_IG,Uncertain,0.5714285714285714,0.0069930069930069,False
h3k4me3,mlp,single,hl60,,h3k4me3,,,-0.002731625,,,0.00018037500000000003,0.06084074649375,0.3934783100493297,MLP_IG,-,Inconclusive,not attribution-supported,7,0.6670930092391304,0.0069930069930069,IG_SNR,0.6670930092391304,,,False,strict,False,filter_mode=strict excludes: not attribution-supported,16.0,8.0,0.06084074649375,MLP_IG,Context-conflicting,0.7142857142857143,0.0069930069930069,False
rrbs,mlp,single,hl60,,rrbs,,,0.008621375,,,-0.000505625,0.0016218281269375,0.010488927689988043,MLP_IG,+,Inconclusive,below min effect,7,0.05170133390217392,0.0069930069930069,IG_SNR,0.05170133390217392,,,False,strict,False,filter_mode=strict excludes: below min effect,16.0,8.0,0.0016218281269375,MLP_IG,Uncertain,0.5714285714285714,0.0069930069930069,False
ctcf,transformer,all,hct116,hct116,ctcf,,,-0.007266125,,,0.00065225,,,,-,Inconclusive,unavailable,7,,0.0069930069930069,Attention_SNR,,,,False,strict,False,"evidence unavailable (missing metric), not drawn",,8.0,,,Context-conflicting,0.5714285714285714,0.0069930069930069,False
dnase,transformer,all,hct116,hct116,dnase,,,-0.0024932500000000002,,,0.00022325000000000003,,,,-,Inconclusive,unavailable,7,,0.0069930069930069,Attention_SNR,,,,False,strict,False,"evidence unavailable (missing metric), not drawn",,8.0,,,Uncertain,0.5714285714285714,0.0069930069930069,False
h3k4me3,transformer,all,hct116,hct116,h3k4me3,,,-0.013280875000000001,,,0.001190875,,,,-,Inconclusive,unavailable,7,,0.0069930069930069,Attention_SNR,,,,False,strict,False,"evidence unavailable (missing metric), not drawn",,8.0,,,Context-conflicting,0.7142857142857143,0.0069930069930069,False
rrbs,transformer,all,hct116,hct116,rrbs,,,-0.0026006249999999996,,,0.00023499999999999997,,,,-,Inconclusive,unavailable,7,,0.0069930069930069,Attention_SNR,,,,False,strict,False,"evidence unavailable (missing metric), not drawn",,8.0,,,Uncertain,0.5714285714285714,0.0069930069930069,False
ctcf,transformer,all,hek293t,hek293t,ctcf,,,0.027983875000000002,,,-0.0014033750000000001,,,,+,Inconclusive,unavailable,7,,0.0069930069930069,Attention_SNR,,,,False,strict,False,"evidence unavailable (missing metric), not drawn",,8.0,,,Context-conflicting,0.5714285714285714,0.0069930069930069,False
dnase,transformer,all,hek293t,hek293t,dnase,,,-0.014340124999999999,,,0.00071075,,,,-,Inconclusive,unavailable,7,,0.0069930069930069,Attention_SNR,,,,False,strict,False,"evidence unavailable (missing metric), not drawn",,8.0,,,Uncertain,0.5714285714285714,0.0069930069930069,False
h3k4me3,transformer,all,hek293t,hek293t,h3k4me3,,,0.026453125,,,-0.00130775,,,,+,Inconclusive,unavailable,7,,0.0069930069930069,Attention_SNR,,,,False,strict,False,"evidence unavailable (missing metric), not drawn",,8.0,,,Context-conflicting,0.7142857142857143,0.0069930069930069,False
rrbs,transformer,all,hek293t,hek293t,rrbs,,,-0.028611,,,0.0013992499999999999,,,,-,Inconclusive,unavailable,7,,0.0069930069930069,Attention_SNR,,,,False,strict,False,"evidence unavailable (missing metric), not drawn",,8.0,,,Uncertain,0.5714285714285714,0.0069930069930069,False
ctcf,transformer,all,hela,hela,ctcf,,,0.0046714999999999994,,,-0.00042449999999999996,,,,+,Inconclusive,unavailable,7,,0.0069930069930069,Attention_SNR,,,,False,strict,False,"evidence unavailable (missing metric), not drawn",,8.0,,,Context-conflicting,0.5714285714285714,0.0069930069930069,False
dnase,transformer,all,hela,hela,dnase,,,0.00038,,,-3.4750000000000004e-05,,,,+,Inconclusive,unavailable,7,,0.0069930069930069,Attention_SNR,,,,False,strict,False,"evidence unavailable (missing metric), not drawn",,8.0,,,Uncertain,0.5714285714285714,0.0069930069930069,False
h3k4me3,transformer,all,hela,hela,h3k4me3,,,0.0033812499999999997,,,-0.00030725,,,,+,Inconclusive,unavailable,7,,0.0069930069930069,Attention_SNR,,,,False,strict,False,"evidence unavailable (missing metric), not drawn",,8.0,,,Context-conflicting,0.7142857142857143,0.0069930069930069,False
rrbs,transformer,all,hela,hela,rrbs,,,-0.000809625,,,7.3375e-05,,,,-,Inconclusive,unavailable,7,,0.0069930069930069,Attention_SNR,,,,False,strict,False,"evidence unavailable (missing metric), not drawn",,8.0,,,Uncertain,0.5714285714285714,0.0069930069930069,False
ctcf,transformer,all,hl60,hl60,ctcf,,,0.014402624999999999,,,-0.00079225,,,,+,Inconclusive,unavailable,7,,0.0069930069930069,Attention_SNR,,,,False,strict,False,"evidence unavailable (missing metric), not drawn",,8.0,,,Context-conflicting,0.5714285714285714,0.0069930069930069,False
dnase,transformer,all,hl60,hl60,dnase,,,0.0036133750000000003,,,-0.00018362499999999998,,,,+,Inconclusive,unavailable,7,,0.0069930069930069,Attention_SNR,,,,False,strict,False,"evidence unavailable (missing metric), not drawn",,8.0,,,Uncertain,0.5714285714285714,0.0069930069930069,False
h3k4me3,transformer,all,hl60,hl60,h3k4me3,,,0.044293625,,,-0.0024572500000000002,,,,+,Inconclusive,unavailable,7,,0.0069930069930069,Attention_SNR,,,,False,strict,False,"evidence unavailable (missing metric), not drawn",,8.0,,,Context-conflicting,0.7142857142857143,0.0069930069930069,False
rrbs,transformer,all,hl60,hl60,rrbs,,,-0.01336575,,,0.00074575,,,,-,Inconclusive,unavailable,7,,0.0069930069930069,Attention_SNR,,,,False,strict,False,"evidence unavailable (missing metric), not drawn",,8.0,,,Uncertain,0.5714285714285714,0.0069930069930069,False
ctcf,transformer,mixed,none,,ctcf,,,-0.003056,,,0.000272,,,,-,Inconclusive,unavailable,7,,0.0069930069930069,Attention_SNR,,,,False,strict,False,"evidence unavailable (missing metric), not drawn",,32.0,,,Context-conflicting,0.5714285714285714,0.0069930069930069,False
dnase,transformer,mixed,none,,dnase,,,0.0015281249999999998,,,-0.000133625,,,,+,Inconclusive,unavailable,7,,0.0069930069930069,Attention_SNR,,,,False,strict,False,"evidence unavailable (missing metric), not drawn",,32.0,,,Uncertain,0.5714285714285714,0.0069930069930069,False
h3k4me3,transformer,mixed,none,,h3k4me3,,,0.00085075,,,-7.275e-05,,,,+,Inconclusive,unavailable,7,,0.0069930069930069,Attention_SNR,,,,False,strict,False,"evidence unavailable (missing metric), not drawn",,32.0,,,Context-conflicting,0.7142857142857143,0.0069930069930069,False
rrbs,transformer,mixed,none,,rrbs,,,-0.0024358749999999997,,,0.000207875,,,,-,Inconclusive,unavailable,7,,0.0069930069930069,Attention_SNR,,,,False,strict,False,"evidence unavailable (missing metric), not drawn",,32.0,,,Uncertain,0.5714285714285714,0.0069930069930069,False
ctcf,transformer,single,hct116,,ctcf,,,-0.0030564999999999998,,,0.000289875,,,,-,Inconclusive,unavailable,7,,0.0069930069930069,Attention_SNR,,,,False,strict,False,"evidence unavailable (missing metric), not drawn",,8.0,,,Context-conflicting,0.5714285714285714,0.0069930069930069,False
dnase,transformer,single,hct116,,dnase,,,-0.010638875,,,0.001021625,,,,-,Inconclusive,unavailable,7,,0.0069930069930069,Attention_SNR,,,,False,strict,False,"evidence unavailable (missing metric), not drawn",,8.0,,,Uncertain,0.5714285714285714,0.0069930069930069,False
h3k4me3,transformer,single,hct116,,h3k4me3,,,0.01343225,,,-0.0012893750000000002,,,,+,Inconclusive,unavailable,7,,0.0069930069930069,Attention_SNR,,,,False,strict,False,"evidence unavailable (missing metric), not drawn",,8.0,,,Context-conflicting,0.7142857142857143,0.0069930069930069,False
rrbs,transformer,single,hct116,,rrbs,,,-0.0010422500000000002,,,9.9e-05,,,,-,Inconclusive,unavailable,7,,0.0069930069930069,Attention_SNR,,,,False,strict,False,"evidence unavailable (missing metric), not drawn",,8.0,,,Uncertain,0.5714285714285714,0.0069930069930069,False
ctcf,transformer,single,hek293t,,ctcf,,,-0.028345875,,,0.001675625,,,,-,Inconclusive,unavailable,7,,0.0069930069930069,Attention_SNR,,,,False,strict,False,"evidence unavailable (missing metric), not drawn",,8.0,,,Context-conflicting,0.5714285714285714,0.0069930069930069,False
dnase,transformer,single,hek293t,,dnase,,,0.00521725,,,-0.000326875,,,,+,Inconclusive,unavailable,7,,0.0069930069930069,Attention_SNR,,,,False,strict,False,"evidence unavailable (missing metric), not drawn",,8.0,,,Uncertain,0.5714285714285714,0.0069930069930069,False
h3k4me3,transformer,single,hek293t,,h3k4me3,,,-0.048689625,,,0.002903125,,,,-,Inconclusive,unavailable,7,,0.0069930069930069,Attention_SNR,,,,False,strict,False,"evidence unavailable (missing metric), not drawn",,8.0,,,Context-conflicting,0.7142857142857143,0.0069930069930069,False
rrbs,transformer,single,hek293t,,rrbs,,,0.003566375000000001,,,-0.00017675000000000004,,,,+,Inconclusive,unavailable,7,,0.0069930069930069,Attention_SNR,,,,False,strict,False,"evidence unavailable (missing metric), not drawn",,8.0,,,Uncertain,0.5714285714285714,0.0069930069930069,False
ctcf,transformer,single,hela,,ctcf,,,-0.0034480000000000005,,,0.000331,,,,-,Inconclusive,unavailable,7,,0.0069930069930069,Attention_SNR,,,,False,strict,False,"evidence unavailable (missing metric), not drawn",,8.0,,,Context-conflicting,0.5714285714285714,0.0069930069930069,False
dnase,transformer,single,hela,,dnase,,,-0.01199075,,,0.001167625,,,,-,Inconclusive,unavailable,7,,0.0069930069930069,Attention_SNR,,,,False,strict,False,"evidence unavailable (missing metric), not drawn",,8.0,,,Uncertain,0.5714285714285714,0.0069930069930069,False
h3k4me3,transformer,single,hela,,h3k4me3,,,0.007758125,,,-0.000756375,,,,+,Inconclusive,unavailable,7,,0.0069930069930069,Attention_SNR,,,,False,strict,False,"evidence unavailable (missing metric), not drawn",,8.0,,,Context-conflicting,0.7142857142857143,0.0069930069930069,False
rrbs,transformer,single,hela,,rrbs,,,-0.002221125,,,0.00021449999999999998,,,,-,Inconclusive,unavailable,7,,0.0069930069930069,Attention_SNR,,,,False,strict,False,"evidence unavailable (missing metric), not drawn",,8.0,,,Uncertain,0.5714285714285714,0.0069930069930069,False
ctcf,transformer,single,hl60,,ctcf,,,-0.025517625000000002,,,0.001527625,,,,-,Inconclusive,unavailable,7,,0.0069930069930069,Attention_SNR,,,,False,strict,False,"evidence unavailable (missing metric), not drawn",,8.0,,,Context-conflicting,0.5714285714285714,0.0069930069930069,False
dnase,transformer,single,hl60,,dnase,,,0.021963625,,,-0.001314375,,,,+,Inconclusive,unavailable,7,,0.0069930069930069,Attention_SNR,,,,False,strict,False,"evidence unavailable (missing metric), not drawn",,8.0,,,Uncertain,0.5714285714285714,0.0069930069930069,False
h3k4me3,transformer,single,hl60,,h3k4me3,,,0.003509,,,-0.00020762500000000002,,,,+,Inconclusive,unavailable,7,,0.0069930069930069,Attention_SNR,,,,False,strict,False,"evidence unavailable (missing metric), not drawn",,8.0,,,Context-conflicting,0.7142857142857143,0.0069930069930069,False
rrbs,transformer,single,hl60,,rrbs,,,0.00021624999999999986,,,-8.500000000000003e-06,,,,+,Inconclusive,unavailable,7,,0.0069930069930069,Attention_SNR,,,,False,strict,False,"evidence unavailable (missing metric), not drawn",,8.0,,,Uncertain,0.5714285714285714,0.0069930069930069,False
ctcf,xgboost,all,hct116,hct116,ctcf,,,-0.006024875000000001,,,0.000543625,0.004690551937812497,0.6386726306302719,TreeSHAP,-,Inconclusive,below min effect,7,0.3080558622193538,0.0069930069930069,SHAP_SNR,0.3080558622193538,,,False,strict,False,filter_mode=strict excludes: below min effect,16.0,8.0,0.004690551937812497,TreeSHAP,Context-conflicting,0.5714285714285714,0.0069930069930069,False
dnase,xgboost,all,hct116,hct116,dnase,,,0.00021162500000000022,,,-1.924999999999998e-05,2.179388206968367e-05,0.0029674878729905236,TreeSHAP,+,Inconclusive,below min effect,7,0.004349816603362445,0.0069930069930069,SHAP_SNR,0.004349816603362445,,,False,strict,False,filter_mode=strict excludes: below min effect,16.0,8.0,2.179388206968367e-05,TreeSHAP,Uncertain,0.5714285714285714,0.0069930069930069,False
h3k4me3,xgboost,all,hct116,hct116,h3k4me3,,,0.0003501249999999998,,,-3.0375e-05,0.0015840816658963114,0.2156909502558467,TreeSHAP,+,Inconclusive,below min effect,7,0.1747155979463967,0.0069930069930069,SHAP_SNR,0.1747155979463967,,,False,strict,False,filter_mode=strict excludes: below min effect,16.0,8.0,0.0015840816658963114,TreeSHAP,Context-conflicting,0.7142857142857143,0.0069930069930069,False
rrbs,xgboost,all,hct116,hct116,rrbs,,,-0.004387,,,0.0003955,0.0010477919356544287,0.14266893124089086,TreeSHAP,-,Inconclusive,below min effect,7,0.07724514649257597,0.0069930069930069,SHAP_SNR,0.07724514649257597,,,False,strict,False,filter_mode=strict excludes: below min effect,16.0,8.0,0.0010477919356544287,TreeSHAP,Uncertain,0.5714285714285714,0.0069930069930069,False
ctcf,xgboost,all,hek293t,hek293t,ctcf,,,0.033095,,,-0.001664625,0.004410308289947713,0.48310347665208564,TreeSHAP,+,Inconclusive,below min effect,7,0.30292633595292534,0.0069930069930069,SHAP_SNR,0.30292633595292534,,,False,strict,False,filter_mode=strict excludes: below min effect,16.0,8.0,0.004410308289947713,TreeSHAP,Context-conflicting,0.5714285714285714,0.0069930069930069,False
dnase,xgboost,all,hek293t,hek293t,dnase,,,0.003650125,,,-0.000182875,0.00019976394105469808,0.021882065399648307,TreeSHAP,+,Inconclusive,below min effect,7,0.3868047654707665,0.0069930069930069,SHAP_SNR,0.3868047654707665,,,False,strict,False,filter_mode=strict excludes: below min effect,16.0,8.0,0.00019976394105469808,TreeSHAP,Uncertain,0.5714285714285714,0.0069930069930069,False
h3k4me3,xgboost,all,hek293t,hek293t,h3k4me3,,,0.013579749999999998,,,-0.0006969999999999999,0.003291256959471016,0.3605230235944959,TreeSHAP,+,Inconclusive,below min effect,7,0.20278233303606044,0.0069930069930069,SHAP_SNR,0.20278233303606044,,,False,strict,False,filter_mode=strict excludes: below min effect,16.0,8.0,0.003291256959471016,TreeSHAP,Context-conflicting,0.7142857142857143,0.0069930069930069,False
rrbs,xgboost,all,hek293t,hek293t,rrbs,,,0.03640825,,,-0.00183425,0.0012277880754821319,0.13449143435377017,TreeSHAP,+,Inconclusive,below min effect,7,0.08702241199347992,0.0069930069930069,SHAP_SNR,0.08702241199347992,,,False,strict,False,filter_mode=strict excludes: below min effect,16.0,8.0,0.0012277880754821319,TreeSHAP,Uncertain,0.5714285714285714,0.0069930069930069,False
ctcf,xgboost,all,hela,hela,ctcf,,,-0.001408875,,,0.000128125,0.0030621287524465173,0.565422624548874,TreeSHAP,-,Inconclusive,below min effect,7,0.41264839819064375,0.0069930069930069,SHAP_SNR,0.41264839819064375,,,False,strict,False,filter_mode=strict excludes: below min effect,16.0,8.0,0.0030621287524465173,TreeSHAP,Context-conflicting,0.5714285714285714,0.0069930069930069,False
dnase,xgboost,all,hela,hela,dnase,,,0.0008686249999999998,,,-7.9e-05,1.4058742131339841e-05,0.0025959492615739844,TreeSHAP,+,Inconclusive,below min effect,7,0.04652074935342408,0.0069930069930069,SHAP_SNR,0.04652074935342408,,,False,strict,False,filter_mode=strict excludes: below min effect,16.0,8.0,1.4058742131339841e-05,TreeSHAP,Uncertain,0.5714285714285714,0.0069930069930069,False
h3k4me3,xgboost,all,hela,hela,h3k4me3,,,0.001731625,,,-0.00015725,0.0013193242491522836,0.2436134597510481,TreeSHAP,+,Inconclusive,below min effect,7,0.28038296054188383,0.0069930069930069,SHAP_SNR,0.28038296054188383,,,False,strict,False,filter_mode=strict excludes: below min effect,16.0,8.0,0.0013193242491522836,TreeSHAP,Context-conflicting,0.7142857142857143,0.0069930069930069,False
rrbs,xgboost,all,hela,hela,rrbs,,,-0.00366375,,,0.000333125,0.0010201342164746809,0.18836796643850384,TreeSHAP,-,Inconclusive,below min effect,7,0.07240653790141045,0.0069930069930069,SHAP_SNR,0.07240653790141045,,,False,strict,False,filter_mode=strict excludes: below min effect,16.0,8.0,0.0010201342164746809,TreeSHAP,Uncertain,0.5714285714285714,0.0069930069930069,False
ctcf,xgboost,all,hl60,hl60,ctcf,,,-0.002290625,,,0.00012775,0.00895373199591575,0.6096767622978323,TreeSHAP,-,Inconclusive,not attribution-supported,7,0.3698977500315537,0.0069930069930069,SHAP_SNR,0.3698977500315537,,,False,strict,False,filter_mode=strict excludes: not attribution-supported,16.0,8.0,0.00895373199591575,TreeSHAP,Context-conflicting,0.5714285714285714,0.0069930069930069,False
dnase,xgboost,all,hl60,hl60,dnase,,,-0.0021012500000000003,,,0.000117,0.0008024439862593699,0.054639948089929655,TreeSHAP,-,Inconclusive,below min effect,7,0.0732085118364772,0.0069930069930069,SHAP_SNR,0.0732085118364772,,,False,strict,False,filter_mode=strict excludes: below min effect,16.0,8.0,0.0008024439862593699,TreeSHAP,Uncertain,0.5714285714285714,0.0069930069930069,False
h3k4me3,xgboost,all,hl60,hl60,h3k4me3,,,-0.0028025000000000003,,,0.00015724999999999995,0.003081213708227464,0.20980574339691166,TreeSHAP,-,Inconclusive,below min effect,7,0.2405947529054377,0.0069930069930069,SHAP_SNR,0.2405947529054377,,,False,strict,False,filter_mode=strict excludes: below min effect,16.0,8.0,0.003081213708227464,TreeSHAP,Context-conflicting,0.7142857142857143,0.0069930069930069,False
rrbs,xgboost,all,hl60,hl60,rrbs,,,-0.0031548749999999997,,,0.00017800000000000002,0.0018486415799540453,0.1258775462153264,TreeSHAP,-,Inconclusive,below min effect,7,0.07847583337241534,0.0069930069930069,SHAP_SNR,0.07847583337241534,,,False,strict,False,filter_mode=strict excludes: below min effect,16.0,8.0,0.0018486415799540453,TreeSHAP,Uncertain,0.5714285714285714,0.0069930069930069,False
ctcf,xgboost,mixed,none,,ctcf,,,0.001522125,,,-0.000130125,0.004017220129788731,0.5102596592918298,TreeSHAP,+,Inconclusive,below min effect,7,0.30435374949478167,0.0069930069930069,SHAP_SNR,0.30435374949478167,,,False,strict,False,filter_mode=strict excludes: below min effect,64.0,32.0,0.004017220129788731,TreeSHAP,Context-conflicting,0.5714285714285714,0.0069930069930069,False
dnase,xgboost,mixed,none,,dnase,,,0.00031725000000000004,,,-2.7249999999999998e-05,0.00048229203370547217,0.06125981670082397,TreeSHAP,+,Inconclusive,below min effect,7,0.06275195717641154,0.0069930069930069,SHAP_SNR,0.06275195717641154,,,False,strict,False,filter_mode=strict excludes: below min effect,64.0,32.0,0.00048229203370547217,TreeSHAP,Uncertain,0.5714285714285714,0.0069930069930069,False
h3k4me3,xgboost,mixed,none,,h3k4me3,,,-0.0010405,,,9.025e-05,0.0019186501834835292,0.24370329663164347,TreeSHAP,-,Inconclusive,below min effect,7,0.1843343675902952,0.0069930069930069,SHAP_SNR,0.1843343675902952,,,False,strict,False,filter_mode=strict excludes: below min effect,64.0,32.0,0.0019186501834835292,TreeSHAP,Context-conflicting,0.7142857142857143,0.0069930069930069,False
rrbs,xgboost,mixed,none,,rrbs,,,0.000173625,,,-1.4750000000000003e-05,0.001454731495667166,0.18477722737570268,TreeSHAP,+,Inconclusive,below min effect,7,0.0805496927231006,0.0069930069930069,SHAP_SNR,0.0805496927231006,,,False,strict,False,filter_mode=strict excludes: below min effect,64.0,32.0,0.001454731495667166,TreeSHAP,Uncertain,0.5714285714285714,0.0069930069930069,False
ctcf,xgboost,single,hct116,,ctcf,,,-0.003967125,,,0.00038750000000000004,0.004664618538412913,0.45585190070284576,TreeSHAP,-,Inconclusive,below min effect,7,0.23894666768866576,0.0069930069930069,SHAP_SNR,0.23894666768866576,,,False,strict,False,filter_mode=strict excludes: below min effect,16.0,8.0,0.004664618538412913,TreeSHAP,Context-conflicting,0.5714285714285714,0.0069930069930069,False
dnase,xgboost,single,hct116,,dnase,,,0.005145125,,,-0.000502125,0.0018135020475253335,0.17722528615902594,TreeSHAP,+,Inconclusive,below min effect,7,0.13483512292951502,0.0069930069930069,SHAP_SNR,0.13483512292951502,,,False,strict,False,filter_mode=strict excludes: below min effect,16.0,8.0,0.0018135020475253335,TreeSHAP,Uncertain,0.5714285714285714,0.0069930069930069,False
h3k4me3,xgboost,single,hct116,,h3k4me3,,,0.0028973749999999998,,,-0.00028312499999999996,0.0026422876507577074,0.2582187241856166,TreeSHAP,+,Inconclusive,below min effect,7,0.24003429515348362,0.0069930069930069,SHAP_SNR,0.24003429515348362,,,False,strict,False,filter_mode=strict excludes: below min effect,16.0,8.0,0.0026422876507577074,TreeSHAP,Context-conflicting,0.7142857142857143,0.0069930069930069,False
rrbs,xgboost,single,hct116,,rrbs,,,-0.003181625,,,0.00031062500000000003,0.0011123417665855246,0.10870408895251174,TreeSHAP,-,Inconclusive,below min effect,7,0.10208134294793675,0.0069930069930069,SHAP_SNR,0.10208134294793675,,,False,strict,False,filter_mode=strict excludes: below min effect,16.0,8.0,0.0011123417665855246,TreeSHAP,Uncertain,0.5714285714285714,0.0069930069930069,False
ctcf,xgboost,single,hek293t,,ctcf,,,-0.004029,,,0.0002445,0.0038785790725337993,0.48593614162651544,TreeSHAP,-,Inconclusive,below min effect,7,0.2628800272409845,0.0069930069930069,SHAP_SNR,0.2628800272409845,,,False,strict,False,filter_mode=strict excludes: below min effect,16.0,8.0,0.0038785790725337993,TreeSHAP,Context-conflicting,0.5714285714285714,0.0069930069930069,False
dnase,xgboost,single,hek293t,,dnase,,,0.0,,,0.0,0.0,0.0,TreeSHAP,0,Inconclusive,below min effect,7,0.0,0.0069930069930069,SHAP_SNR,0.0,,,False,strict,False,filter_mode=strict excludes: below min effect,16.0,8.0,0.0,TreeSHAP,Uncertain,0.5714285714285714,0.0069930069930069,False
h3k4me3,xgboost,single,hek293t,,h3k4me3,,,-0.023782750000000002,,,0.00144875,0.0036896154393840676,0.4622614254267702,TreeSHAP,-,Inconclusive,below min effect,7,0.19626483698810654,0.0069930069930069,SHAP_SNR,0.19626483698810654,,,False,strict,False,filter_mode=strict excludes: below min effect,16.0,8.0,0.0036896154393840676,TreeSHAP,Context-conflicting,0.7142857142857143,0.0069930069930069,False
rrbs,xgboost,single,hek293t,,rrbs,,,-0.0035080000000000003,,,0.00021325,0.00041346962105133175,0.051802432946714334,TreeSHAP,-,Inconclusive,below min effect,7,5771.399780978277,0.0069930069930069,SHAP_SNR,5771.399780978277,,,False,strict,False,filter_mode=strict excludes: below min effect,16.0,8.0,0.00041346962105133175,TreeSHAP,Uncertain,0.5714285714285714,0.0069930069930069,False
ctcf,xgboost,single,hela,,ctcf,,,0.00452475,,,-0.00044475,0.00033627797938601994,0.10336714856499563,TreeSHAP,+,Inconclusive,below min effect,7,0.05313390272818139,0.0069930069930069,SHAP_SNR,0.05313390272818139,,,False,strict,False,filter_mode=strict excludes: below min effect,16.0,8.0,0.00033627797938601994,TreeSHAP,Context-conflicting,0.5714285714285714,0.0069930069930069,False
dnase,xgboost,single,hela,,dnase,,,0.0,,,0.0,0.0,0.0,TreeSHAP,0,Inconclusive,below min effect,7,0.0,0.0069930069930069,SHAP_SNR,0.0,,,False,strict,False,filter_mode=strict excludes: below min effect,16.0,8.0,0.0,TreeSHAP,Uncertain,0.5714285714285714,0.0069930069930069,False
h3k4me3,xgboost,single,hela,,h3k4me3,,,0.00089825,,,-8.875e-05,0.0006548905923863242,0.20130421052431666,TreeSHAP,+,Inconclusive,below min effect,7,0.09406180460919938,0.0069930069930069,SHAP_SNR,0.09406180460919938,,,False,strict,False,filter_mode=strict excludes: below min effect,16.0,8.0,0.0006548905923863242,TreeSHAP,Context-conflicting,0.7142857142857143,0.0069930069930069,False
rrbs,xgboost,single,hela,,rrbs,,,0.0024735,,,-0.00024349999999999998,0.0022620698512124367,0.6953286409106877,TreeSHAP,+,Inconclusive,below min effect,7,0.08620027872175536,0.0069930069930069,SHAP_SNR,0.08620027872175536,,,False,strict,False,filter_mode=strict excludes: below min effect,16.0,8.0,0.0022620698512124367,TreeSHAP,Uncertain,0.5714285714285714,0.0069930069930069,False
ctcf,xgboost,single,hl60,,ctcf,,,-0.00251525,,,0.00015212500000000002,0.0031215077794963953,0.4703185984567925,TreeSHAP,-,Inconclusive,below min effect,7,0.306719509915662,0.0069930069930069,SHAP_SNR,0.306719509915662,,,False,strict,False,filter_mode=strict excludes: below min effect,16.0,8.0,0.0031215077794963953,TreeSHAP,Context-conflicting,0.5714285714285714,0.0069930069930069,False
dnase,xgboost,single,hl60,,dnase,,,-0.0039258750000000005,,,0.00023725,0.00020012409993338056,0.03015276361517821,TreeSHAP,-,Inconclusive,below min effect,7,0.036031675122162266,0.0069930069930069,SHAP_SNR,0.036031675122162266,,,False,strict,False,filter_mode=strict excludes: below min effect,16.0,8.0,0.00020012409993338056,TreeSHAP,Uncertain,0.5714285714285714,0.0069930069930069,False
h3k4me3,xgboost,single,hl60,,h3k4me3,,,0.0073835,,,-0.0004475,0.001890916480192354,0.2849050047558743,TreeSHAP,+,Inconclusive,below min effect,7,0.1683250685355898,0.0069930069930069,SHAP_SNR,0.1683250685355898,,,False,strict,False,filter_mode=strict excludes: below min effect,16.0,8.0,0.001890916480192354,TreeSHAP,Context-conflicting,0.7142857142857143,0.0069930069930069,False
rrbs,xgboost,single,hl60,,rrbs,,,-0.002486125,,,0.00015000000000000001,0.0014244585325966215,0.21462363317215497,TreeSHAP,-,Inconclusive,below min effect,7,0.10044671921224903,0.0069930069930069,SHAP_SNR,0.10044671921224903,,,False,strict,False,filter_mode=strict excludes: below min effect,16.0,8.0,0.0014244585325966215,TreeSHAP,Uncertain,0.5714285714285714,0.0069930069930069,False
