训练方式_细胞系,候选编号,位点,候选序列(23nt),预测编辑效率,最显著正向促进特征 (Top Positive Drivers),对应模型
mixed_all,CAND_sgRNA_001,chr6(33255182~33255204),GGTCACAGCGGCGGATACAGTGG,0.5092 [Linear:0.61|XGBoost:0.36|MLP:0.67|Transformer:0.33|CNN(3|3):0.38|CNN(5|3):0.41|CNN(7|3):0.82],pos18_C(***); pos20_G(**); pos1_G(*); pos6_C(*),Ultimate_Consensus (Linear+XGBoost+MLP+Transformer+CNN(3|3)+CNN(5|3)+CNN(7|3))
mixed_all,CAND_sgRNA_002,chr8(33367281~33367303),GATGGAGACAGTGTACACCCAGG,0.4857 [Linear:0.36|XGBoost:0.40|MLP:0.47|Transformer:0.38|CNN(3|3):0.43|CNN(5|3):0.55|CNN(7|3):0.81],pos18_C(***); pos19_C(*); pos1_G(*); pos10_A(*),Ultimate_Consensus (Linear+XGBoost+MLP+Transformer+CNN(3|3)+CNN(5|3)+CNN(7|3))
mixed_all,CAND_sgRNA_003,chr9(130550646~130550668),TCACCGAGCAACAGCTCCGGGGG,0.4807 [Linear:0.34|XGBoost:0.41|MLP:0.46|Transformer:0.38|CNN(3|3):0.42|CNN(5|3):0.54|CNN(7|3):0.81],pos18_C(***); pos20_G(**); pos19_G(*); pos10_A(*),Ultimate_Consensus (Linear+XGBoost+MLP+Transformer+CNN(3|3)+CNN(5|3)+CNN(7|3))
mixed_all,CAND_sgRNA_004,chr9(130550646~130550668),TCACCGAGCAACAGCTCCGGGGG,0.4807 [Linear:0.34|XGBoost:0.41|MLP:0.46|Transformer:0.38|CNN(3|3):0.42|CNN(5|3):0.54|CNN(7|3):0.81],pos18_C(***); pos20_G(**); pos19_G(*); pos10_A(*),Ultimate_Consensus (Linear+XGBoost+MLP+Transformer+CNN(3|3)+CNN(5|3)+CNN(7|3))
mixed_all,CAND_sgRNA_005,chr1(11141261~11141283),GGAGATGCTCAGCTACGCCCGGG,0.4790 [Linear:0.39|XGBoost:0.46|MLP:0.51|Transformer:0.41|CNN(3|3):0.38|CNN(5|3):0.38|CNN(7|3):0.82],pos18_C(***); pos19_C(*); pos1_G(*); pos17_G(*),Ultimate_Consensus (Linear+XGBoost+MLP+Transformer+CNN(3|3)+CNN(5|3)+CNN(7|3))
mixed_all,CAND_sgRNA_006,chr15(78838050~78838072),GACCCTAGTGGAAATTACGGGGG,0.4781 [Linear:0.38|XGBoost:0.41|MLP:0.47|Transformer:0.40|CNN(3|3):0.37|CNN(5|3):0.47|CNN(7|3):0.84],pos18_C(***); pos20_G(**); pos19_G(*); pos1_G(*),Ultimate_Consensus (Linear+XGBoost+MLP+Transformer+CNN(3|3)+CNN(5|3)+CNN(7|3))
mixed_all,CAND_sgRNA_007,chr15(78838050~78838072),GACCCTAGTGGAAATTACGGGGG,0.4781 [Linear:0.38|XGBoost:0.41|MLP:0.47|Transformer:0.40|CNN(3|3):0.37|CNN(5|3):0.47|CNN(7|3):0.84],pos18_C(***); pos20_G(**); pos19_G(*); pos1_G(*),Ultimate_Consensus (Linear+XGBoost+MLP+Transformer+CNN(3|3)+CNN(5|3)+CNN(7|3))
mixed_all,CAND_sgRNA_008,chr19(52716342~52716364),GGTGGCTGACAAGTTCACAGAGG,0.4756 [Linear:0.40|XGBoost:0.42|MLP:0.52|Transformer:0.38|CNN(3|3):0.36|CNN(5|3):0.47|CNN(7|3):0.77],pos18_C(***); pos20_G(**); pos1_G(*); pos11_A(*),Ultimate_Consensus (Linear+XGBoost+MLP+Transformer+CNN(3|3)+CNN(5|3)+CNN(7|3))
mixed_all,CAND_sgRNA_009,chr12(121756194~121756216),TCGCCAGTACAGCTCTGCCACGG,0.4744 [Linear:0.35|XGBoost:0.39|MLP:0.48|Transformer:0.46|CNN(3|3):0.38|CNN(5|3):0.43|CNN(7|3):0.83],pos18_C(***); pos19_C(*); pos17_G(*); pos11_A(*),Ultimate_Consensus (Linear+XGBoost+MLP+Transformer+CNN(3|3)+CNN(5|3)+CNN(7|3))
mixed_all,CAND_sgRNA_010,chr13(21751302~21751324),TCCGCAATGAATCTATGCGGGGG,0.4704 [Linear:0.41|XGBoost:0.40|MLP:0.49|Transformer:0.41|CNN(3|3):0.39|CNN(5|3):0.41|CNN(7|3):0.78],pos18_C(***); pos20_G(**); pos19_G(*); pos10_A(*),Ultimate_Consensus (Linear+XGBoost+MLP+Transformer+CNN(3|3)+CNN(5|3)+CNN(7|3))
mixed_all,CAND_sgRNA_011,chr13(21751302~21751324),TCCGCAATGAATCTATGCGGGGG,0.4704 [Linear:0.41|XGBoost:0.40|MLP:0.49|Transformer:0.41|CNN(3|3):0.39|CNN(5|3):0.41|CNN(7|3):0.78],pos18_C(***); pos20_G(**); pos19_G(*); pos10_A(*),Ultimate_Consensus (Linear+XGBoost+MLP+Transformer+CNN(3|3)+CNN(5|3)+CNN(7|3))
mixed_all,CAND_sgRNA_012,chr5(176941901~176941923),GGCCAGCCTATCTTACCGAGGGG,0.4696 [Linear:0.35|XGBoost:0.40|MLP:0.48|Transformer:0.36|CNN(3|3):0.38|CNN(5|3):0.48|CNN(7|3):0.85],pos20_G(***); pos1_G(**); pos10_A(**); pos17_C(**),Ultimate_Consensus (Linear+XGBoost+MLP+Transformer+CNN(3|3)+CNN(5|3)+CNN(7|3))
mixed_all,CAND_sgRNA_013,chr12(110719600~110719622),GAACGCGCACACCAAGACGGTGG,0.4693 [Linear:0.37|XGBoost:0.39|MLP:0.43|Transformer:0.34|CNN(3|3):0.42|CNN(5|3):0.51|CNN(7|3):0.82],pos18_C(***); pos20_G(**); pos19_G(*); pos1_G(*),Ultimate_Consensus (Linear+XGBoost+MLP+Transformer+CNN(3|3)+CNN(5|3)+CNN(7|3))
mixed_all,CAND_sgRNA_014,chr3(113442279~113442301),GATGTCTGGCACCTTACCGAAGG,0.4680 [Linear:0.38|XGBoost:0.39|MLP:0.49|Transformer:0.39|CNN(3|3):0.38|CNN(5|3):0.55|CNN(7|3):0.68],pos18_C(***); pos19_G(*); pos1_G(*); pos17_C(*),Ultimate_Consensus (Linear+XGBoost+MLP+Transformer+CNN(3|3)+CNN(5|3)+CNN(7|3))
mixed_all,CAND_sgRNA_015,chr21(34120830~34120852),GGAGCTGAAGTCGTATGAGGGGG,0.4663 [Linear:0.34|XGBoost:0.41|MLP:0.60|Transformer:0.39|CNN(3|3):0.36|CNN(5|3):0.36|CNN(7|3):0.79],pos20_G(***); pos19_G(**); pos1_G(**); pos17_G(*),Ultimate_Consensus (Linear+XGBoost+MLP+Transformer+CNN(3|3)+CNN(5|3)+CNN(7|3))
mixed_all,CAND_sgRNA_016,chr1(26772843~26772865),GCAACAAGTGCAGATCGCCCAGG,0.4656 [Linear:0.37|XGBoost:0.40|MLP:0.51|Transformer:0.39|CNN(3|3):0.30|CNN(5|3):0.48|CNN(7|3):0.80],pos18_C(***); pos19_C(*); pos1_G(*); pos17_G(*),Ultimate_Consensus (Linear+XGBoost+MLP+Transformer+CNN(3|3)+CNN(5|3)+CNN(7|3))
mixed_all,CAND_sgRNA_017,chr12(110719600~110719622),GAACGCGCACACCAAGACGGTGG,0.4652 [Linear:0.38|XGBoost:0.37|MLP:0.38|Transformer:0.34|CNN(3|3):0.43|CNN(5|3):0.53|CNN(7|3):0.83],pos18_C(***); pos20_G(**); pos19_G(*); pos1_G(*),Ultimate_Consensus (Linear+XGBoost+MLP+Transformer+CNN(3|3)+CNN(5|3)+CNN(7|3))
mixed_all,CAND_sgRNA_018,chr1(26772843~26772865),GCAACAAGTGCAGATCGCCCAGG,0.4637 [Linear:0.34|XGBoost:0.40|MLP:0.46|Transformer:0.37|CNN(3|3):0.30|CNN(5|3):0.57|CNN(7|3):0.81],pos18_C(***); pos19_C(*); pos1_G(*); pos17_G(*),Ultimate_Consensus (Linear+XGBoost+MLP+Transformer+CNN(3|3)+CNN(5|3)+CNN(7|3))
mixed_all,CAND_sgRNA_019,chr9(130212999~130213021),GGATAACGTACCAGACCCAGGGG,0.4614 [Linear:0.36|XGBoost:0.38|MLP:0.51|Transformer:0.35|CNN(3|3):0.49|CNN(5|3):0.51|CNN(7|3):0.64],pos18_C(***); pos20_G(**); pos1_G(*); pos10_A(*),Ultimate_Consensus (Linear+XGBoost+MLP+Transformer+CNN(3|3)+CNN(5|3)+CNN(7|3))
mixed_all,CAND_sgRNA_020,chr9(130212999~130213021),GGATAACGTACCAGACCCAGGGG,0.4614 [Linear:0.36|XGBoost:0.38|MLP:0.51|Transformer:0.35|CNN(3|3):0.49|CNN(5|3):0.51|CNN(7|3):0.64],pos18_C(***); pos20_G(**); pos1_G(*); pos10_A(*),Ultimate_Consensus (Linear+XGBoost+MLP+Transformer+CNN(3|3)+CNN(5|3)+CNN(7|3))
