cell_line,position,A,C,G,T
hct116,1,996.0,1185.0,988.0,1070.0
hct116,2,1033.0,1213.0,1246.0,747.0
hct116,3,1069.0,1074.0,1048.0,1048.0
hct116,4,927.0,1205.0,1137.0,970.0
hct116,5,971.0,1186.0,1166.0,916.0
hct116,6,1098.0,1083.0,974.0,1084.0
hct116,7,958.0,1203.0,1099.0,979.0
hct116,8,1014.0,1118.0,1155.0,952.0
hct116,9,1040.0,1069.0,989.0,1141.0
hct116,10,955.0,1168.0,1134.0,982.0
hct116,11,1000.0,1151.0,1159.0,929.0
hct116,12,1077.0,1115.0,974.0,1073.0
hct116,13,956.0,1154.0,1169.0,960.0
hct116,14,944.0,1177.0,1153.0,965.0
hct116,15,1112.0,1097.0,976.0,1054.0
hct116,16,971.0,1151.0,1115.0,1002.0
hct116,17,1276.0,1414.0,1549.0,0.0
hct116,18,1652.0,1377.0,1210.0,0.0
hct116,19,1335.0,1346.0,1558.0,0.0
hct116,20,1353.0,1563.0,1323.0,0.0
hct116,21,1529.0,576.0,691.0,1443.0
hct116,22,0.0,0.0,4239.0,0.0
hct116,23,0.0,0.0,4239.0,0.0
hek293t,1,531.0,594.0,638.0,570.0
hek293t,2,543.0,605.0,623.0,562.0
hek293t,3,606.0,611.0,557.0,559.0
hek293t,4,551.0,621.0,639.0,522.0
hek293t,5,562.0,605.0,627.0,539.0
hek293t,6,580.0,586.0,605.0,562.0
hek293t,7,561.0,612.0,636.0,524.0
hek293t,8,585.0,617.0,614.0,517.0
hek293t,9,612.0,580.0,566.0,575.0
hek293t,10,572.0,564.0,665.0,532.0
hek293t,11,550.0,609.0,639.0,535.0
hek293t,12,614.0,572.0,587.0,560.0
hek293t,13,513.0,614.0,673.0,533.0
hek293t,14,601.0,573.0,652.0,507.0
hek293t,15,646.0,493.0,594.0,600.0
hek293t,16,555.0,543.0,714.0,521.0
hek293t,17,589.0,569.0,671.0,504.0
hek293t,18,584.0,618.0,554.0,577.0
hek293t,19,553.0,622.0,641.0,517.0
hek293t,20,576.0,684.0,583.0,490.0
hek293t,21,741.0,286.0,496.0,810.0
hek293t,22,0.0,0.0,2333.0,0.0
hek293t,23,0.0,0.0,2333.0,0.0
hela,1,1879.0,2309.0,1879.0,2034.0
hela,2,1981.0,2324.0,2366.0,1430.0
hela,3,2036.0,2101.0,1942.0,2022.0
hela,4,1777.0,2296.0,2193.0,1835.0
hela,5,1831.0,2240.0,2248.0,1782.0
hela,6,2042.0,2104.0,1897.0,2058.0
hela,7,1811.0,2277.0,2143.0,1870.0
hela,8,1855.0,2159.0,2309.0,1778.0
hela,9,2023.0,2034.0,1906.0,2138.0
hela,10,1766.0,2277.0,2197.0,1861.0
hela,11,1873.0,2239.0,2244.0,1745.0
hela,12,2105.0,2109.0,1829.0,2058.0
hela,13,1751.0,2296.0,2233.0,1821.0
hela,14,1861.0,2210.0,2255.0,1775.0
hela,15,2112.0,2057.0,1883.0,2049.0
hela,16,1836.0,2122.0,2260.0,1883.0
hela,17,2510.0,2584.0,3007.0,0.0
hela,18,3278.0,2483.0,2340.0,0.0
hela,19,2578.0,2585.0,2938.0,0.0
hela,20,2552.0,3062.0,2487.0,0.0
hela,21,2872.0,1058.0,1369.0,2802.0
hela,22,0.0,0.0,8101.0,0.0
hela,23,0.0,0.0,8101.0,0.0
hl60,1,436.0,504.0,674.0,462.0
hl60,2,482.0,496.0,592.0,506.0
hl60,3,534.0,493.0,554.0,495.0
hl60,4,447.0,551.0,651.0,427.0
hl60,5,480.0,509.0,618.0,469.0
hl60,6,498.0,561.0,500.0,517.0
hl60,7,408.0,621.0,630.0,417.0
hl60,8,549.0,536.0,559.0,432.0
hl60,9,477.0,552.0,547.0,500.0
hl60,10,457.0,619.0,609.0,391.0
hl60,11,515.0,518.0,604.0,439.0
hl60,12,561.0,563.0,466.0,486.0
hl60,13,481.0,591.0,642.0,362.0
hl60,14,516.0,523.0,575.0,462.0
hl60,15,487.0,571.0,510.0,508.0
hl60,16,468.0,582.0,628.0,398.0
hl60,17,470.0,535.0,661.0,410.0
hl60,18,495.0,602.0,472.0,507.0
hl60,19,429.0,617.0,584.0,446.0
hl60,20,498.0,630.0,563.0,385.0
hl60,21,662.0,448.0,262.0,704.0
hl60,22,0.0,0.0,2076.0,0.0
hl60,23,0.0,0.0,2076.0,0.0
