cell_line,environment,split_type,model,C18_abs,pos18_total_abs,C18_share_within_pos18
hct116,all,all,cnn,0.003322583623230433,0.01336260410031752,0.24864791310785614
hct116,all,all,mlp,0.011537365,0.023843835453999998,0.483872027311131
hct116,all,all,transformer,0.0817793533205986,0.5724554732441902,0.14285714285714285
hct116,all,all,xgboost,0.0203127246350049,0.026819968348718026,0.7573731769886981
hct116,all,single,cnn,0.0104008830773333,0.04615528668606785,0.22534543329947174
hct116,all,single,linear,5005163920.104908,15015491760.327288,0.3333333333330544
hct116,all,single,mlp,0.019058743,0.04300726007599999,0.4431517601056303
hct116,all,single,transformer,0.0721013322472572,0.5047093257308005,0.14285714285714282
hct116,all,single,xgboost,0.0270929764956235,0.04109532785150776,0.6592714527919132
hct116,sequence,all,cnn,0.006662369395295732,0.02290338417515143,0.2908901734497358
hct116,sequence,all,linear,0.051609610646782,0.0701149652108262,0.7360712579917695
hct116,sequence,all,mlp,0.013288456,0.0218298223,0.6087294627221954
hct116,sequence,all,transformer,0.0906593799591064,0.6346156597137449,0.14285714285714285
hct116,sequence,all,xgboost,0.0210144408047199,0.0281433535274116,0.7466928482510748
hct116,sequence,single,cnn,0.0076205565128475,0.01879112701863037,0.405540152290607
hct116,sequence,single,linear,10876137952.773191,32628413858.161087,0.33333333333495246
hct116,sequence,single,mlp,0.017118827,0.026914353300000003,0.6360482382461702
hct116,sequence,single,transformer,0.0930781513452529,0.6515470594167703,0.14285714285714285
hct116,sequence,single,xgboost,0.0264683663845062,0.039872013265266903,0.6638332057228519
hct116,sequence_ctcf,all,cnn,0.0054760168616969996,0.022616737095328503,0.2421223202363737
hct116,sequence_ctcf,all,linear,0.0476082753280581,0.0839891098491664,0.5668386700794474
hct116,sequence_ctcf,all,mlp,0.011430406,0.0228484992,0.5002694443930917
hct116,sequence_ctcf,all,transformer,0.0371795184910297,0.26025662943720784,0.14285714285714288
hct116,sequence_ctcf,all,xgboost,0.021126139909029,0.027904591901460503,0.7570847114923503
hct116,sequence_ctcf,single,cnn,0.010246286789576167,0.04167038629141926,0.24588893220042154
hct116,sequence_ctcf,single,linear,20946616827.38674,62839850482.42725,0.3333333333319169
hct116,sequence_ctcf,single,mlp,0.016084183,0.030930791899999997,0.5200055353254631
hct116,sequence_ctcf,single,transformer,0.0953517630696296,0.6674623414874071,0.14285714285714288
hct116,sequence_ctcf,single,xgboost,0.0268311146646738,0.0405279867118224,0.6620391695116428
hct116,sequence_ctcf_dnase,all,cnn,0.0064858319237827665,0.029337519857411298,0.22107635394217906
hct116,sequence_ctcf_dnase,all,mlp,0.013548095,0.030105960300000005,0.4500137137296364
hct116,sequence_ctcf_dnase,all,transformer,0.0903115570545196,0.6321808993816371,0.14285714285714288
hct116,sequence_ctcf_dnase,all,xgboost,0.0209465846419334,0.02800320161622925,0.7480067789746516
hct116,sequence_ctcf_dnase,single,cnn,0.0109946813123921,0.040938707999884805,0.2685644430308606
hct116,sequence_ctcf_dnase,single,linear,13224415029.149849,39673245087.74599,0.33333333333084264
hct116,sequence_ctcf_dnase,single,mlp,0.017854873,0.044505903,0.4011798839358456
hct116,sequence_ctcf_dnase,single,transformer,0.0800306722521781,0.5602147057652467,0.14285714285714285
hct116,sequence_ctcf_dnase,single,xgboost,0.0267021190375089,0.041212492127669795,0.6479132335601048
hct116,sequence_ctcf_dnase_h3k4me3,all,cnn,0.0056533734314143,0.022961233024640367,0.24621384336579402
hct116,sequence_ctcf_dnase_h3k4me3,all,mlp,0.013506994,0.0275276112,0.49067076332435267
hct116,sequence_ctcf_dnase_h3k4me3,all,transformer,0.0713109895586967,0.4991769269108769,0.14285714285714288
hct116,sequence_ctcf_dnase_h3k4me3,all,xgboost,0.0209783967584371,0.0281963520974384,0.7440110226295181
hct116,sequence_ctcf_dnase_h3k4me3,single,cnn,0.00539933424443,0.02402138269583973,0.2247720005462097
hct116,sequence_ctcf_dnase_h3k4me3,single,linear,5715489771.594749,17146469315.0756,0.33333333332766935
hct116,sequence_ctcf_dnase_h3k4me3,single,mlp,0.01645368,0.0385963058,0.4263019389798699
hct116,sequence_ctcf_dnase_h3k4me3,single,transformer,0.0693240091204643,0.48526806384325016,0.14285714285714282
hct116,sequence_ctcf_dnase_h3k4me3,single,xgboost,0.0267604198306798,0.0399985704352727,0.669034406466716
hct116,sequence_ctcf_dnase_rrbs,all,cnn,0.0045796493068337,0.019132132469773216,0.23936951691449296
hct116,sequence_ctcf_dnase_rrbs,all,mlp,0.012256141,0.02532570894,0.48394068766392445
hct116,sequence_ctcf_dnase_rrbs,all,transformer,0.0841893330216407,0.5893253311514848,0.14285714285714288
hct116,sequence_ctcf_dnase_rrbs,all,xgboost,0.0198638476431369,0.026499128813156594,0.7496037995511258
hct116,sequence_ctcf_dnase_rrbs,single,cnn,0.006406500314672734,0.023237145179033514,0.275700834388779
hct116,sequence_ctcf_dnase_rrbs,single,linear,107149831.03604507,321449493.1279487,0.33333333331278736
hct116,sequence_ctcf_dnase_rrbs,single,mlp,0.018206,0.03899493889,0.4668811009386865
hct116,sequence_ctcf_dnase_rrbs,single,transformer,0.0832120403647422,0.5824842825531953,0.14285714285714288
hct116,sequence_ctcf_dnase_rrbs,single,xgboost,0.0262525882571935,0.039799134414351706,0.6596271161044831
hct116,sequence_ctcf_h3k4me3,all,cnn,0.006074712146073534,0.021853963572842205,0.2779684392639212
hct116,sequence_ctcf_h3k4me3,all,linear,0.0471816585709889,0.09186848651576923,0.5135782721628942
hct116,sequence_ctcf_h3k4me3,all,mlp,0.011897968,0.022723358,0.523600781187358
hct116,sequence_ctcf_h3k4me3,all,transformer,0.0413214340806007,0.28925003856420484,0.14285714285714288
hct116,sequence_ctcf_h3k4me3,all,xgboost,0.0210543014109134,0.027998891135211798,0.7519691158209911
hct116,sequence_ctcf_h3k4me3,single,cnn,0.012137837707996299,0.044532893768821934,0.2725589262401394
hct116,sequence_ctcf_h3k4me3,single,linear,3638553255.086665,10915659765.207624,0.3333333333349326
hct116,sequence_ctcf_h3k4me3,single,mlp,0.017855396,0.031056031899999996,0.5749413208195475
hct116,sequence_ctcf_h3k4me3,single,transformer,0.0757568553090095,0.5302979871630664,0.14285714285714288
hct116,sequence_ctcf_h3k4me3,single,xgboost,0.0266054645180702,0.0403016330674288,0.6601584723268287
hct116,sequence_ctcf_h3k4me3_rrbs,all,cnn,0.004852379594619,0.017349033928136522,0.2796916309414469
hct116,sequence_ctcf_h3k4me3_rrbs,all,linear,0.0468841022378583,0.0931826054251392,0.5031422122611062
hct116,sequence_ctcf_h3k4me3_rrbs,all,mlp,0.009027384,0.018810658783,0.47990791306886255
hct116,sequence_ctcf_h3k4me3_rrbs,all,transformer,0.0619545727968215,0.43368200957775044,0.14285714285714288
hct116,sequence_ctcf_h3k4me3_rrbs,all,xgboost,0.0204443261027336,0.027290029694995527,0.7491500130717228
hct116,sequence_ctcf_h3k4me3_rrbs,single,cnn,0.0106286602094769,0.04475723257943757,0.23747357906038036
hct116,sequence_ctcf_h3k4me3_rrbs,single,linear,615784281.5376611,1847352844.5885966,0.33333333333773363
hct116,sequence_ctcf_h3k4me3_rrbs,single,mlp,0.016966311,0.03077508154,0.5513002777246258
hct116,sequence_ctcf_h3k4me3_rrbs,single,transformer,0.081537552177906,0.5707628652453419,0.14285714285714288
hct116,sequence_ctcf_h3k4me3_rrbs,single,xgboost,0.0257586166262626,0.03934561571804786,0.6546756520688303
hct116,sequence_ctcf_rrbs,all,cnn,0.0073850131593644,0.030334239234434606,0.243454701543368
hct116,sequence_ctcf_rrbs,all,linear,0.0473257999827678,0.0801377268626655,0.5905558073024892
hct116,sequence_ctcf_rrbs,all,mlp,0.011780992,0.023055757320000002,0.5109783138539732
hct116,sequence_ctcf_rrbs,all,transformer,0.0590538829565048,0.41337718069553364,0.14285714285714285
hct116,sequence_ctcf_rrbs,all,xgboost,0.0204853229224681,0.027306293661240297,0.7502051789454615
hct116,sequence_ctcf_rrbs,single,cnn,0.007266905003537667,0.03057573485542255,0.23766902211506113
hct116,sequence_ctcf_rrbs,single,linear,13948136978.586391,41844410936.05871,0.3333333333309472
hct116,sequence_ctcf_rrbs,single,mlp,0.01668977,0.03153670977,0.5292172240452464
hct116,sequence_ctcf_rrbs,single,transformer,0.1091007888317108,0.7637055218219756,0.14285714285714285
hct116,sequence_ctcf_rrbs,single,xgboost,0.0262197107076644,0.0402727372347724,0.651053603702549
hct116,sequence_dnase,all,cnn,0.007029069354757633,0.036487551949297196,0.1926429420237666
hct116,sequence_dnase,all,mlp,0.015836623,0.0325866431,0.48598509982760396
hct116,sequence_dnase,all,transformer,0.0774757340550422,0.5423301383852954,0.14285714285714285
hct116,sequence_dnase,all,xgboost,0.0209008771926164,0.028300989535637002,0.7385210741941628
hct116,sequence_dnase,single,cnn,0.0098844985477626,0.03579696197994037,0.27612674375276874
hct116,sequence_dnase,single,linear,11786908416.94374,35360725251.00492,0.33333333333169596
hct116,sequence_dnase,single,mlp,0.017377898,0.035147677100000004,0.49442522049344756
hct116,sequence_dnase,single,transformer,0.0646663308143615,0.45266431570053056,0.14285714285714285
hct116,sequence_dnase,single,xgboost,0.0261560771614313,0.04028702583309479,0.64924318984959
hct116,sequence_dnase_h3k4me3,all,cnn,0.0068867006339132335,0.02343265304807553,0.2938933384872876
hct116,sequence_dnase_h3k4me3,all,mlp,0.01348017,0.0249026185,0.5413153640851062
hct116,sequence_dnase_h3k4me3,all,transformer,0.0483631007373333,0.3385417051613331,0.14285714285714285
hct116,sequence_dnase_h3k4me3,all,xgboost,0.0198188293725252,0.0266648175893349,0.7432576392516601
hct116,sequence_dnase_h3k4me3,single,cnn,0.010323677056779433,0.03798522020224467,0.2717814192418285
hct116,sequence_dnase_h3k4me3,single,linear,10305270522.989574,30915811569.142628,0.3333333333314583
hct116,sequence_dnase_h3k4me3,single,mlp,0.015855294,0.0372264867,0.4259143262101067
hct116,sequence_dnase_h3k4me3,single,transformer,0.0846717581152916,0.5927023068070412,0.14285714285714285
hct116,sequence_dnase_h3k4me3,single,xgboost,0.0266478341072797,0.03955986071377971,0.6736078850246705
hct116,sequence_dnase_h3k4me3_rrbs,all,cnn,0.004157514466593601,0.015426785021797009,0.2694997344371696
hct116,sequence_dnase_h3k4me3_rrbs,all,mlp,0.012108793,0.02511926378,0.4820520659383752
hct116,sequence_dnase_h3k4me3_rrbs,all,transformer,0.0664739087224006,0.4653173610568042,0.14285714285714285
hct116,sequence_dnase_h3k4me3_rrbs,all,xgboost,0.0199683401733636,0.026874010494793397,0.7430353641200032
hct116,sequence_dnase_h3k4me3_rrbs,single,cnn,0.0059088772007574,0.025796962583626473,0.22905321436981146
hct116,sequence_dnase_h3k4me3_rrbs,single,linear,2945790876.596726,8837372630.003195,0.33333333332529863
hct116,sequence_dnase_h3k4me3_rrbs,single,mlp,0.015839882,0.03775986756,0.41948987174890395
hct116,sequence_dnase_h3k4me3_rrbs,single,transformer,0.0841204598546028,0.5888432189822196,0.14285714285714285
hct116,sequence_dnase_h3k4me3_rrbs,single,xgboost,0.0262971948832273,0.0398963790721607,0.6591373827600617
hct116,sequence_dnase_rrbs,all,cnn,0.0049234485874573,0.017882591251084788,0.27532075851471666
hct116,sequence_dnase_rrbs,all,mlp,0.013468849,0.029537778679999998,0.45598720018576566
hct116,sequence_dnase_rrbs,all,transformer,0.087836816906929,0.614857718348503,0.14285714285714285
hct116,sequence_dnase_rrbs,all,xgboost,0.0211825501173734,0.028550350929435645,0.7419365936946862
hct116,sequence_dnase_rrbs,single,cnn,0.005895123118534633,0.022407335107042403,0.26308898806453135
hct116,sequence_dnase_rrbs,single,linear,0.0725237920530429,0.1390894915782712,0.5214181979537316
hct116,sequence_dnase_rrbs,single,mlp,0.01721861,0.033118613449999994,0.5199073332582407
hct116,sequence_dnase_rrbs,single,transformer,0.0596948005259037,0.4178636036813259,0.14285714285714285
hct116,sequence_dnase_rrbs,single,xgboost,0.0263825356960296,0.03959725923778,0.6662717623359612
hct116,sequence_h3k4me3,all,cnn,0.0047393282875418,0.016121073199125435,0.29398342337400396
hct116,sequence_h3k4me3,all,linear,0.0506823266350339,0.0685729637709779,0.7391007161992342
hct116,sequence_h3k4me3,all,mlp,0.011491172,0.021202273299999998,0.5419782981478689
hct116,sequence_h3k4me3,all,transformer,0.052604928612709,0.368234500288963,0.14285714285714285
hct116,sequence_h3k4me3,all,xgboost,0.0204759705811738,0.027851002814713602,0.7351968874297196
hct116,sequence_h3k4me3,single,cnn,0.010495214878271,0.027731279920165598,0.37846125056200897
hct116,sequence_h3k4me3,single,linear,14676686561.570986,44030059684.87236,0.33333333333212656
hct116,sequence_h3k4me3,single,mlp,0.016921386,0.028240028299999997,0.5991986204914674
hct116,sequence_h3k4me3,single,transformer,0.0730971917510032,0.5116803422570224,0.14285714285714285
hct116,sequence_h3k4me3,single,xgboost,0.0260486155748367,0.0384473092854021,0.6775146573059924
hct116,sequence_h3k4me3_rrbs,all,cnn,0.0056349210596332334,0.015013779609034656,0.3753166228870428
hct116,sequence_h3k4me3_rrbs,all,linear,0.0503925972879432,0.0678309414896002,0.7429146077187999
hct116,sequence_h3k4me3_rrbs,all,mlp,0.011009995,0.019680619042,0.5594333682545146
hct116,sequence_h3k4me3_rrbs,all,transformer,0.0462957359850406,0.3240701518952842,0.14285714285714285
hct116,sequence_h3k4me3_rrbs,all,xgboost,0.0202966518700122,0.0269519798021062,0.7530671965117045
hct116,sequence_h3k4me3_rrbs,single,cnn,0.007662313058972301,0.02397087565987006,0.31965094507581443
hct116,sequence_h3k4me3_rrbs,single,linear,4138884151.326767,12416652454.17057,0.3333333333282254
hct116,sequence_h3k4me3_rrbs,single,mlp,0.016574256,0.027584268380000002,0.6008590030982
hct116,sequence_h3k4me3_rrbs,single,transformer,0.0686179846525192,0.48032589256763447,0.14285714285714282
hct116,sequence_h3k4me3_rrbs,single,xgboost,0.0266630519181489,0.040316721584531104,0.6613397833513104
hct116,sequence_rrbs,all,cnn,0.010380730653802532,0.030335108034099167,0.3422018686115683
hct116,sequence_rrbs,all,linear,0.0513160339964535,0.06973199130766641,0.7359037514078816
hct116,sequence_rrbs,all,mlp,0.012912286,0.022139987376,0.5832110823151176
hct116,sequence_rrbs,all,transformer,0.0769217610359191,0.5384523272514337,0.14285714285714288
hct116,sequence_rrbs,all,xgboost,0.0199432838708162,0.027055926730099437,0.737113316049511
hct116,sequence_rrbs,single,cnn,0.008262220770120567,0.0315059469673237,0.2622432132793756
hct116,sequence_rrbs,single,linear,31070421940.8747,93211265822.81267,0.33333333333265897
hct116,sequence_rrbs,single,mlp,0.017553778,0.02773760516,0.6328512464844676
hct116,sequence_rrbs,single,transformer,0.0800742655992508,0.5605198591947556,0.14285714285714285
hct116,sequence_rrbs,single,xgboost,0.0264431815594434,0.0394846024428259,0.6697086946166773
hek293t,all,all,cnn,0.006602911589046266,0.02935483778405008,0.22493435792835317
hek293t,all,all,linear,0.0675873445505935,0.2024020536413304,0.33392617977267497
hek293t,all,all,mlp,0.014656446,0.03112777259,0.4708478885735781
hek293t,all,all,transformer,0.0681075677275657,0.4767529740929599,0.14285714285714285
hek293t,all,all,xgboost,0.0235755033791065,0.03389641441935949,0.6955161418383433
hek293t,all,single,cnn,0.0031799005810170668,0.014167771678330202,0.2244460634469969
hek293t,all,single,linear,0.0389811157382412,11215016680.339146,3.4757965011838394e-12
hek293t,all,single,mlp,0.003430476,0.017329840362,0.19795196772395982
hek293t,all,single,transformer,0.0384907238185405,0.26943506672978346,0.14285714285714288
hek293t,all,single,xgboost,0.0036624185740947,0.0091150210937482,0.401800339947285
hek293t,sequence,all,cnn,0.0060438484263916,0.0235127718187866,0.25704533999528684
hek293t,sequence,all,linear,0.0704335882025261,0.0892252686091273,0.789390598655156
hek293t,sequence,all,mlp,0.012871535,0.02149270347,0.5988792902654791
hek293t,sequence,all,transformer,0.1049998104572296,0.7349986732006072,0.14285714285714285
hek293t,sequence,all,xgboost,0.0242446828633546,0.0353893876308573,0.6850834243374919
hek293t,sequence,single,cnn,0.0017932098902140668,0.006620983360334999,0.27083739568911047
hek293t,sequence,single,linear,0.0344923573736388,0.0640325484769391,0.538669133027885
hek293t,sequence,single,mlp,0.0018909819,0.0088259915,0.2142514979761764
hek293t,sequence,single,transformer,0.0954718589782714,0.6683030128478997,0.14285714285714288
hek293t,sequence,single,xgboost,0.0042056790553033,0.010370346251874999,0.4055485663791502
hek293t,sequence_ctcf,all,cnn,0.006848257035016934,0.029966871292950937,0.22852759529246683
hek293t,sequence_ctcf,all,linear,0.0663571113843178,0.12542981000462988,0.5290378051427201
hek293t,sequence_ctcf,all,mlp,0.013738408,0.0304077795,0.4518056966310217
hek293t,sequence_ctcf,all,transformer,0.0663411542773246,0.46438807994127207,0.14285714285714288
hek293t,sequence_ctcf,all,xgboost,0.0234400760382413,0.0339733270739085,0.6899552695338829
hek293t,sequence_ctcf,single,cnn,0.0012696115882135331,0.006301572080701266,0.2014753734392332
hek293t,sequence_ctcf,single,linear,0.0369863941137799,0.07718099744036419,0.47921632708048834
hek293t,sequence_ctcf,single,mlp,0.003247589,0.012923644,0.2512905028953134
hek293t,sequence_ctcf,single,transformer,0.1093707233667373,0.765595063567161,0.14285714285714288
hek293t,sequence_ctcf,single,xgboost,0.0034474516287446,0.010934278194326802,0.31528845045604326
hek293t,sequence_ctcf_dnase,all,cnn,0.006530522213627834,0.029529079659065538,0.221155629942667
hek293t,sequence_ctcf_dnase,all,linear,0.0665710101606274,0.18243052046161912,0.36491158383025624
hek293t,sequence_ctcf_dnase,all,mlp,0.013192287,0.031674420800000005,0.4164965504278455
hek293t,sequence_ctcf_dnase,all,transformer,0.0228057075291872,0.1596399527043104,0.14285714285714285
hek293t,sequence_ctcf_dnase,all,xgboost,0.0235741976648569,0.03564052188698924,0.6614436718858144
hek293t,sequence_ctcf_dnase,single,cnn,0.0028473550143341005,0.0255616217230754,0.11139179842269904
hek293t,sequence_ctcf_dnase,single,linear,0.036932531115635,15510587895.754593,2.3811174253262064e-12
hek293t,sequence_ctcf_dnase,single,mlp,0.0035541786,0.0131636546,0.26999938147875746
hek293t,sequence_ctcf_dnase,single,transformer,0.112572930753231,0.7880105152726171,0.14285714285714282
hek293t,sequence_ctcf_dnase,single,xgboost,0.0034474516287446,0.010934278194326802,0.31528845045604326
hek293t,sequence_ctcf_dnase_h3k4me3,all,cnn,0.008513553999364301,0.04073093602588987,0.20901935555698542
hek293t,sequence_ctcf_dnase_h3k4me3,all,linear,0.0662479418667165,0.18706311201429301,0.3541475449294068
hek293t,sequence_ctcf_dnase_h3k4me3,all,mlp,0.013796464,0.0336402037,0.410118325175302
hek293t,sequence_ctcf_dnase_h3k4me3,all,transformer,0.0470844581723213,0.3295912072062491,0.14285714285714285
hek293t,sequence_ctcf_dnase_h3k4me3,all,xgboost,0.0240135937929153,0.0354859289564044,0.6767074865763488
hek293t,sequence_ctcf_dnase_h3k4me3,single,cnn,0.0018377848900854334,0.014878746718750066,0.12351745243229881
hek293t,sequence_ctcf_dnase_h3k4me3,single,linear,0.0372566007381837,18904981815.97411,1.9707292554337745e-12
hek293t,sequence_ctcf_dnase_h3k4me3,single,mlp,0.0031876187,0.01750163183,0.18213265659811334
hek293t,sequence_ctcf_dnase_h3k4me3,single,transformer,0.0858624503016471,0.6010371521115296,0.14285714285714288
hek293t,sequence_ctcf_dnase_h3k4me3,single,xgboost,0.0042023630812764,0.010534097847994202,0.39892956586468126
hek293t,sequence_ctcf_dnase_rrbs,all,cnn,0.009472042011717868,0.047859952811904465,0.19791164544069162
hek293t,sequence_ctcf_dnase_rrbs,all,linear,0.0678773673201577,0.19720780031715132,0.34419210199087824
hek293t,sequence_ctcf_dnase_rrbs,all,mlp,0.01637375,0.034112303329999996,0.47999543864281186
hek293t,sequence_ctcf_dnase_rrbs,all,transformer,0.0220585335046052,0.15440973453223641,0.14285714285714285
hek293t,sequence_ctcf_dnase_rrbs,all,xgboost,0.023888511583209,0.03537031126324993,0.6753831315029839
hek293t,sequence_ctcf_dnase_rrbs,single,cnn,0.0025969441436851665,0.020366482422407902,0.12751068593111195
hek293t,sequence_ctcf_dnase_rrbs,single,linear,0.0386413415479863,12954989234.396297,2.9827382214561127e-12
hek293t,sequence_ctcf_dnase_rrbs,single,mlp,0.0036785381,0.014691258387999999,0.250389585619478
hek293t,sequence_ctcf_dnase_rrbs,single,transformer,0.124451994895935,0.8711639642715452,0.14285714285714282
hek293t,sequence_ctcf_dnase_rrbs,single,xgboost,0.0042660012841224,0.010780590690046363,0.3957112747134688
hek293t,sequence_ctcf_h3k4me3,all,cnn,0.008748554857447667,0.039657547449071934,0.22060251881895943
hek293t,sequence_ctcf_h3k4me3,all,linear,0.0660576369899773,0.1253585439370844,0.5269496191909396
hek293t,sequence_ctcf_h3k4me3,all,mlp,0.016255029,0.0363086325,0.44769047691344477
hek293t,sequence_ctcf_h3k4me3,all,transformer,0.0487723909318447,0.3414067365229129,0.14285714285714285
hek293t,sequence_ctcf_h3k4me3,all,xgboost,0.0237088110297918,0.0349926359485833,0.6775371556640809
hek293t,sequence_ctcf_h3k4me3,single,cnn,0.004915539873763867,0.016010464227292433,0.3070204463768472
hek293t,sequence_ctcf_h3k4me3,single,linear,0.0372928504394628,0.1024855389441103,0.3638840252359913
hek293t,sequence_ctcf_h3k4me3,single,mlp,0.0033414306,0.0125099746,0.26710130970209967
hek293t,sequence_ctcf_h3k4me3,single,transformer,0.0657143294811248,0.4600003063678735,0.14285714285714288
hek293t,sequence_ctcf_h3k4me3,single,xgboost,0.0042023630812764,0.010534097847994202,0.39892956586468126
hek293t,sequence_ctcf_h3k4me3_rrbs,all,cnn,0.006416420141855833,0.03601032000445511,0.17818281373400763
hek293t,sequence_ctcf_h3k4me3_rrbs,all,linear,0.0673884265330997,0.1388978671602464,0.485165308228626
hek293t,sequence_ctcf_h3k4me3_rrbs,all,mlp,0.011424435,0.026569348436999998,0.4299855160953265
hek293t,sequence_ctcf_h3k4me3_rrbs,all,transformer,0.0532718896865844,0.37290322780609086,0.14285714285714285
hek293t,sequence_ctcf_h3k4me3_rrbs,all,xgboost,0.0232875179499387,0.03365260893406206,0.6919974019122139
hek293t,sequence_ctcf_h3k4me3_rrbs,single,cnn,0.0027199985537056663,0.010248939491247878,0.26539317126698037
hek293t,sequence_ctcf_h3k4me3_rrbs,single,linear,0.0390231081153376,0.1362736382961969,0.28635845203251353
hek293t,sequence_ctcf_h3k4me3_rrbs,single,mlp,0.002944448,0.0124333458643,0.23681863531637332
hek293t,sequence_ctcf_h3k4me3_rrbs,single,transformer,0.0378241688013076,0.2647691816091532,0.14285714285714288
hek293t,sequence_ctcf_h3k4me3_rrbs,single,xgboost,0.0036624185740947,0.0091150210937482,0.401800339947285
hek293t,sequence_ctcf_rrbs,all,cnn,0.007989965224017634,0.03562334960459617,0.22429011624967346
hek293t,sequence_ctcf_rrbs,all,linear,0.0676615447838165,0.1383166590264322,0.4891785650410081
hek293t,sequence_ctcf_rrbs,all,mlp,0.013224186,0.027923682645,0.4735831648039417
hek293t,sequence_ctcf_rrbs,all,transformer,0.0746008083224296,0.5222056582570072,0.14285714285714288
hek293t,sequence_ctcf_rrbs,all,xgboost,0.0241258554160594,0.035477430861646765,0.6800338928189104
hek293t,sequence_ctcf_rrbs,single,cnn,0.004572774128367467,0.014720646627210806,0.31063677052846234
hek293t,sequence_ctcf_rrbs,single,linear,0.0386673495341791,0.10893514869206279,0.35495751369912504
hek293t,sequence_ctcf_rrbs,single,mlp,0.0032636102,0.012851144596399999,0.25395482678750947
hek293t,sequence_ctcf_rrbs,single,transformer,0.0395058840513229,0.27654118835926034,0.14285714285714285
hek293t,sequence_ctcf_rrbs,single,xgboost,0.0042660012841224,0.010780590690046363,0.3957112747134688
hek293t,sequence_dnase,all,cnn,0.006995364868392466,0.02645372921445696,0.26443775891413823
hek293t,sequence_dnase,all,linear,0.0703770307392725,0.12106081083920209,0.5813361917156671
hek293t,sequence_dnase,all,mlp,0.015295942,0.0320469922,0.4772972734708002
hek293t,sequence_dnase,all,transformer,0.0197218675166368,0.13805307261645758,0.14285714285714288
hek293t,sequence_dnase,all,xgboost,0.0235291793942451,0.03445943229598914,0.6828080971311807
hek293t,sequence_dnase,single,cnn,0.0014826505794189333,0.05626231393155919,0.026352463590859722
hek293t,sequence_dnase,single,linear,0.0344453504046026,9980812609.075756,3.451156910137832e-12
hek293t,sequence_dnase,single,mlp,0.0038231278,0.011911407200000002,0.32096357179359963
hek293t,sequence_dnase,single,transformer,0.1153265610337257,0.80728592723608,0.14285714285714285
hek293t,sequence_dnase,single,xgboost,0.0042056790553033,0.010370346251874999,0.4055485663791502
hek293t,sequence_dnase_h3k4me3,all,cnn,0.0071698869578539675,0.035833249431258436,0.2000903370934442
hek293t,sequence_dnase_h3k4me3,all,linear,0.0695848341297307,0.1253701288039527,0.5550351969291173
hek293t,sequence_dnase_h3k4me3,all,mlp,0.016557027,0.0338734846,0.4887901907794865
hek293t,sequence_dnase_h3k4me3,all,transformer,0.0216922741383314,0.15184591896831978,0.14285714285714288
hek293t,sequence_dnase_h3k4me3,all,xgboost,0.0240811947733163,0.0357446010466444,0.6737015959946481
hek293t,sequence_dnase_h3k4me3,single,cnn,0.0014259017577083997,0.013117278693243603,0.10870408345008693
hek293t,sequence_dnase_h3k4me3,single,linear,0.0347065422200797,12633793207.15279,2.7471197011860323e-12
hek293t,sequence_dnase_h3k4me3,single,mlp,0.003210653,0.013300589600000001,0.24139178010574808
hek293t,sequence_dnase_h3k4me3,single,transformer,0.0865027233958244,0.6055190637707709,0.14285714285714285
hek293t,sequence_dnase_h3k4me3,single,xgboost,0.0039298613555729,0.0105511820875106,0.3724569742971893
hek293t,sequence_dnase_h3k4me3_rrbs,all,cnn,0.007797578349709466,0.038744069484474813,0.20125863011974113
hek293t,sequence_dnase_h3k4me3_rrbs,all,linear,0.0710165655716024,0.140140768156434,0.5067516505427543
hek293t,sequence_dnase_h3k4me3_rrbs,all,mlp,0.01601369,0.037222863833999996,0.43021112162178193
hek293t,sequence_dnase_h3k4me3_rrbs,all,transformer,0.0362147092819213,0.25350296497344915,0.14285714285714285
hek293t,sequence_dnase_h3k4me3_rrbs,all,xgboost,0.0234238114207983,0.03378504126521857,0.6933190117163754
hek293t,sequence_dnase_h3k4me3_rrbs,single,cnn,0.0026748206388825667,0.01533603551676277,0.17441408739298392
hek293t,sequence_dnase_h3k4me3_rrbs,single,linear,0.0363325756831,11133783825.049793,3.2632729585925395e-12
hek293t,sequence_dnase_h3k4me3_rrbs,single,mlp,0.00288575,0.0126234890734,0.22860161586235322
hek293t,sequence_dnase_h3k4me3_rrbs,single,transformer,0.0796729326248169,0.5577105283737183,0.14285714285714285
hek293t,sequence_dnase_h3k4me3_rrbs,single,xgboost,0.0036559414584189,0.0102609111054333,0.356297936981739
hek293t,sequence_dnase_rrbs,all,cnn,0.006760204133267167,0.028930392146018145,0.23367136190712204
hek293t,sequence_dnase_rrbs,all,linear,0.0717681089159232,0.13520650953149468,0.5308036511304636
hek293t,sequence_dnase_rrbs,all,mlp,0.013646695,0.031871907628,0.4281731473145697
hek293t,sequence_dnase_rrbs,all,transformer,0.0289833676069974,0.20288357324898182,0.14285714285714285
hek293t,sequence_dnase_rrbs,all,xgboost,0.0239243824034929,0.03483449459963573,0.6868014787773922
hek293t,sequence_dnase_rrbs,single,cnn,0.0020558095032659,0.016978014642972716,0.12108656674511761
hek293t,sequence_dnase_rrbs,single,linear,0.0360500475189444,6647414368.88805,5.423168395770504e-12
hek293t,sequence_dnase_rrbs,single,mlp,0.0037690578,0.0112608377116,0.33470492129705615
hek293t,sequence_dnase_rrbs,single,transformer,0.0394451320171356,0.2761159241199492,0.14285714285714288
hek293t,sequence_dnase_rrbs,single,xgboost,0.0044556250795722,0.0112358095648232,0.3965557669757739
hek293t,sequence_h3k4me3,all,cnn,0.0076746898703277,0.028456775859619,0.26969639526937095
hek293t,sequence_h3k4me3,all,linear,0.0695446371669422,0.08799165200738039,0.7903549436838516
hek293t,sequence_h3k4me3,all,mlp,0.013099084,0.0262117714,0.49974050971618045
hek293t,sequence_h3k4me3,all,transformer,0.031237419694662,0.21866193786263402,0.14285714285714285
hek293t,sequence_h3k4me3,all,xgboost,0.0237990338355302,0.034854074474424006,0.6828192741997491
hek293t,sequence_h3k4me3,single,cnn,0.004577651445288167,0.012553454609587567,0.36465272609438
hek293t,sequence_h3k4me3,single,linear,0.0347925486270754,0.0668046053722878,0.5208106302429893
hek293t,sequence_h3k4me3,single,mlp,0.0011227354,0.0078008257,0.14392520012336643
hek293t,sequence_h3k4me3,single,transformer,0.0846129804849624,0.5922908633947367,0.14285714285714288
hek293t,sequence_h3k4me3,single,xgboost,0.0039298613555729,0.0105511820875106,0.3724569742971893
hek293t,sequence_h3k4me3_rrbs,all,cnn,0.008622710127383434,0.0314618681336467,0.2740685991929999
hek293t,sequence_h3k4me3_rrbs,all,linear,0.0709614951519304,0.1011511853081446,0.7015389383303317
hek293t,sequence_h3k4me3_rrbs,all,mlp,0.013738168,0.027722193172,0.49556569766189495
hek293t,sequence_h3k4me3_rrbs,all,transformer,0.0639901384711265,0.4479309692978855,0.14285714285714285
hek293t,sequence_h3k4me3_rrbs,all,xgboost,0.0238386336714029,0.03521524146708527,0.6769407983098519
hek293t,sequence_h3k4me3_rrbs,single,cnn,0.005765756281713633,0.01602377638967773,0.3598250588062277
hek293t,sequence_h3k4me3_rrbs,single,linear,0.0363779151526405,0.1037413080698297,0.35065988495300277
hek293t,sequence_h3k4me3_rrbs,single,mlp,0.0011615339,0.008097237081,0.1434481772462258
hek293t,sequence_h3k4me3_rrbs,single,transformer,0.0793981328606605,0.5557869300246234,0.14285714285714288
hek293t,sequence_h3k4me3_rrbs,single,xgboost,0.0036559414584189,0.0102609111054333,0.356297936981739
hek293t,sequence_rrbs,all,cnn,0.008155354686702266,0.028049664936285346,0.29074695563127434
hek293t,sequence_rrbs,all,linear,0.0717760134266947,0.1011964616184879,0.709273943759924
hek293t,sequence_rrbs,all,mlp,0.012798051,0.021355297588299998,0.5992916252785778
hek293t,sequence_rrbs,all,transformer,0.0986539125442504,0.6905773878097528,0.14285714285714288
hek293t,sequence_rrbs,all,xgboost,0.0239472668617963,0.03505116707310643,0.6832088304463397
hek293t,sequence_rrbs,single,cnn,0.0013806476878622667,0.006650119897433886,0.2076124504755206
hek293t,sequence_rrbs,single,linear,0.0360854011907136,0.1003885684705907,0.35945727427406227
hek293t,sequence_rrbs,single,mlp,0.0019090518,0.009075222519999999,0.2103586766928113
hek293t,sequence_rrbs,single,transformer,0.0391299910843372,0.2739099375903604,0.14285714285714285
hek293t,sequence_rrbs,single,xgboost,0.0044556250795722,0.0112358095648232,0.3965557669757739
hela,all,all,cnn,0.0015154071540260667,0.007761813003829074,0.1952388125401221
hela,all,all,linear,0.0085710497852174,79235278.61889568,1.0817214168504753e-10
hela,all,all,mlp,0.0020788384,0.00947679628,0.21936088300085313
hela,all,all,transformer,0.0378607586026191,0.26502531021833375,0.14285714285714282
hela,all,all,xgboost,0.0025598753709346,0.0051351599213373565,0.49849963976738787
hela,all,single,cnn,0.0079829567112028,0.03261527575841661,0.2447612821161795
hela,all,single,linear,263655336.3385992,1361974381.046525,0.19358318336062208
hela,all,single,mlp,0.022127047,0.055025959840000006,0.40212014591547734
hela,all,single,transformer,0.0802022814750671,0.5614159703254696,0.14285714285714288
hela,all,single,xgboost,0.0266557186841964,0.0406779773766173,0.6552862360240842
hela,sequence,all,cnn,0.0014952790030898667,0.005308871370895334,0.281656664594925
hela,sequence,all,linear,0.0091332878262401,0.0186485231690266,0.4897593092738631
hela,sequence,all,mlp,0.0040131356,0.006830872200000001,0.5874997339285604
hela,sequence,all,transformer,0.0276074912399053,0.19325243867933709,0.14285714285714285
hela,sequence,all,xgboost,0.0039732879959046,0.006930531759280401,0.5733020400035145
hela,sequence,single,cnn,0.010457237871984602,0.03828196953206,0.2731635284132124
hela,sequence,single,linear,44113508039.69362,132340524118.91998,0.33333333333373855
hela,sequence,single,mlp,0.016555734,0.031759554599999996,0.5212835698898624
hela,sequence,single,transformer,0.1523043364286422,1.0661303550004952,0.14285714285714288
hela,sequence,single,xgboost,0.0266343988478183,0.0408854538109152,0.6514394818997388
hela,sequence_ctcf,all,cnn,0.0021504531614482,0.006513560423627267,0.33015018232542276
hela,sequence_ctcf,all,linear,0.0086074658233836,0.06469781743291361,0.13304105400941607
hela,sequence_ctcf,all,mlp,0.0034145063,0.010131009,0.33703516599383143
hela,sequence_ctcf,all,transformer,0.0350382588803768,0.24526781216263766,0.14285714285714282
hela,sequence_ctcf,all,xgboost,0.0027290037833154,0.0049664808466329,0.5494844070858683
hela,sequence_ctcf,single,cnn,0.013653306290507266,0.06856599659658953,0.1991264908003449
hela,sequence_ctcf,single,linear,25458426902.17732,76694535235.6921,0.33194577454495716
hela,sequence_ctcf,single,mlp,0.018201951,0.035931337,0.5065759451144276
hela,sequence_ctcf,single,transformer,0.099202387034893,0.694416709244251,0.14285714285714285
hela,sequence_ctcf,single,xgboost,0.0259435456246137,0.039999349157369364,0.648599194015484
hela,sequence_ctcf_dnase,all,cnn,0.0022251804669697665,0.0099484845607849,0.22367029404066419
hela,sequence_ctcf_dnase,all,linear,0.0083765192982863,18051895.758967765,4.6402435567605356e-10
hela,sequence_ctcf_dnase,all,mlp,0.0034873127,0.0103371448,0.33735743935791634
hela,sequence_ctcf_dnase,all,transformer,0.0422151684761047,0.2955061793327329,0.14285714285714288
hela,sequence_ctcf_dnase,all,xgboost,0.0027596883010119,0.0050399549800201,0.5475620936996731
hela,sequence_ctcf_dnase,single,cnn,0.009858836419880368,0.06159883450406273,0.16004907396795195
hela,sequence_ctcf_dnase,single,linear,500437961.7124452,2788628706.316968,0.17945664855949567
hela,sequence_ctcf_dnase,single,mlp,0.020869829,0.043872787499999996,0.47568960600007465
hela,sequence_ctcf_dnase,single,transformer,0.1703335344791412,1.1923347413539884,0.14285714285714285
hela,sequence_ctcf_dnase,single,xgboost,0.0259435456246137,0.039999349157369364,0.648599194015484
hela,sequence_ctcf_dnase_h3k4me3,all,cnn,0.0021132876863702334,0.007453741874390333,0.2835203743278387
hela,sequence_ctcf_dnase_h3k4me3,all,linear,0.0090177815318455,122574241.0842479,7.356995606970461e-11
hela,sequence_ctcf_dnase_h3k4me3,all,mlp,0.0026639963,0.008959957999999999,0.2973224093237938
hela,sequence_ctcf_dnase_h3k4me3,all,transformer,0.0376167744398117,0.2633174210786819,0.14285714285714285
hela,sequence_ctcf_dnase_h3k4me3,all,xgboost,0.0032997052185237,0.006151937574031501,0.5363684495844665
hela,sequence_ctcf_dnase_h3k4me3,single,cnn,0.007658368597427967,0.06243062628588306,0.12267005880028617
hela,sequence_ctcf_dnase_h3k4me3,single,linear,422561933.1092612,2569152823.567406,0.1644752033561442
hela,sequence_ctcf_dnase_h3k4me3,single,mlp,0.023471516,0.06448678240000001,0.3639740598997539
hela,sequence_ctcf_dnase_h3k4me3,single,transformer,0.0946321040391922,0.6624247282743454,0.14285714285714285
hela,sequence_ctcf_dnase_h3k4me3,single,xgboost,0.0258579012006521,0.0402996158227323,0.6416413822502525
hela,sequence_ctcf_dnase_rrbs,all,cnn,0.002588398676986467,0.010330272042968366,0.2505644252368304
hela,sequence_ctcf_dnase_rrbs,all,linear,0.0079007322099818,27134480.80230936,2.9116946322073666e-10
hela,sequence_ctcf_dnase_rrbs,all,mlp,0.0025672067,0.013947874499999999,0.18405719810570423
hela,sequence_ctcf_dnase_rrbs,all,transformer,0.04163633659482,0.29145435616374,0.14285714285714288
hela,sequence_ctcf_dnase_rrbs,all,xgboost,0.0022984156385064,0.00443812404046168,0.5178799910845451
hela,sequence_ctcf_dnase_rrbs,single,cnn,0.0061919547927876,0.04138795063166347,0.14960766837415
hela,sequence_ctcf_dnase_rrbs,single,linear,927546939.4624982,4428368799.214321,0.20945566675184396
hela,sequence_ctcf_dnase_rrbs,single,mlp,0.020976884,0.04796376763299999,0.4373485452708161
hela,sequence_ctcf_dnase_rrbs,single,transformer,0.2213715314865112,1.5496007204055784,0.14285714285714285
hela,sequence_ctcf_dnase_rrbs,single,xgboost,0.0268575064837932,0.04058613072174907,0.6617409939351757
hela,sequence_ctcf_h3k4me3,all,cnn,0.0023454146770139003,0.008137554454151333,0.28822107307895173
hela,sequence_ctcf_h3k4me3,all,linear,0.0093052580089799,0.07028537053609951,0.13239252973989224
hela,sequence_ctcf_h3k4me3,all,mlp,0.002629913,0.0062211378,0.4227382650164091
hela,sequence_ctcf_h3k4me3,all,transformer,0.0351336970925331,0.24593587964773173,0.14285714285714282
hela,sequence_ctcf_h3k4me3,all,xgboost,0.0033126540947705,0.0062196365470297,0.532612166277227
hela,sequence_ctcf_h3k4me3,single,cnn,0.015185664407908866,0.06679449878477786,0.22734902850067654
hela,sequence_ctcf_h3k4me3,single,linear,0.0667113676093397,0.1210241856595389,0.5512234372475749
hela,sequence_ctcf_h3k4me3,single,mlp,0.022113005,0.050512826000000004,0.4377701021914711
hela,sequence_ctcf_h3k4me3,single,transformer,0.0427526719868183,0.29926870390772814,0.14285714285714285
hela,sequence_ctcf_h3k4me3,single,xgboost,0.0258579012006521,0.0402996158227323,0.6416413822502525
hela,sequence_ctcf_h3k4me3_rrbs,all,cnn,0.0014528133712398,0.005169768096190204,0.281020994406003
hela,sequence_ctcf_h3k4me3_rrbs,all,linear,0.0088017162043377,0.1120154549529308,0.07857590908358321
hela,sequence_ctcf_h3k4me3_rrbs,all,mlp,0.0025443966,0.00638474445,0.3985118934556574
hela,sequence_ctcf_h3k4me3_rrbs,all,transformer,0.0342539250850677,0.23977747559547388,0.14285714285714288
hela,sequence_ctcf_h3k4me3_rrbs,all,xgboost,0.002656324300915,0.005419289162091235,0.49016101954780317
hela,sequence_ctcf_h3k4me3_rrbs,single,cnn,0.009493027503291701,0.04325214502023278,0.21948108004472353
hela,sequence_ctcf_h3k4me3_rrbs,single,linear,0.068100979268026,0.13048728245080468,0.5218974446318239
hela,sequence_ctcf_h3k4me3_rrbs,single,mlp,0.021103801,0.04725547542,0.44658953935882334
hela,sequence_ctcf_h3k4me3_rrbs,single,transformer,0.0315565504133701,0.2208958528935907,0.14285714285714285
hela,sequence_ctcf_h3k4me3_rrbs,single,xgboost,0.0266557186841964,0.0406779773766173,0.6552862360240842
hela,sequence_ctcf_rrbs,all,cnn,0.005174646348071533,0.015803899206123836,0.32742845803941945
hela,sequence_ctcf_rrbs,all,linear,0.0081650436071324,0.1031316241556326,0.07917109493796778
hela,sequence_ctcf_rrbs,all,mlp,0.0034749934,0.00975906549,0.3560784998892348
hela,sequence_ctcf_rrbs,all,transformer,0.0349948108196258,0.2449636757373806,0.14285714285714285
hela,sequence_ctcf_rrbs,all,xgboost,0.002222440438345,0.0044136877149865,0.503533684723274
hela,sequence_ctcf_rrbs,single,cnn,0.014371972375859765,0.0733495360830903,0.19593814962345782
hela,sequence_ctcf_rrbs,single,linear,0.0686059460554104,0.1317672242971337,0.5206601749514335
hela,sequence_ctcf_rrbs,single,mlp,0.023010537,0.04454015313000001,0.5166245597054595
hela,sequence_ctcf_rrbs,single,transformer,0.0948069766163826,0.6636488363146782,0.14285714285714285
hela,sequence_ctcf_rrbs,single,xgboost,0.0268575064837932,0.04058613072174907,0.6617409939351757
hela,sequence_dnase,all,cnn,0.0009965944336726665,0.005663114716298667,0.17597991275091576
hela,sequence_dnase,all,linear,0.0088162215607842,15168216.733169748,5.812299307080014e-10
hela,sequence_dnase,all,mlp,0.0031170808,0.0081716338,0.3814513567653999
hela,sequence_dnase,all,transformer,0.0265533756464719,0.18587362952530329,0.14285714285714288
hela,sequence_dnase,all,xgboost,0.0036077324766665,0.0062916581518946,0.5734152094039164
hela,sequence_dnase,single,cnn,0.007482315879315066,0.05071507906541206,0.14753631498167263
hela,sequence_dnase,single,linear,23515507497.04164,77567505971.71254,0.3031618356482587
hela,sequence_dnase,single,mlp,0.01989531,0.0432053852,0.46048218081851516
hela,sequence_dnase,single,transformer,0.0596669167280197,0.41766841709613794,0.14285714285714285
hela,sequence_dnase,single,xgboost,0.0266343988478183,0.0408854538109152,0.6514394818997388
hela,sequence_dnase_h3k4me3,all,cnn,0.0013684419294197666,0.005439182675521001,0.2515896249593581
hela,sequence_dnase_h3k4me3,all,linear,0.0095914823425981,22118079.45190911,4.33648968639102e-10
hela,sequence_dnase_h3k4me3,all,mlp,0.0023114097,0.00540272715,0.42782277095003773
hela,sequence_dnase_h3k4me3,all,transformer,0.0256614591926336,0.1796302143484352,0.14285714285714285
hela,sequence_dnase_h3k4me3,all,xgboost,0.0038413435686379,0.006997901247814101,0.5489279474810824
hela,sequence_dnase_h3k4me3,single,cnn,0.009896175159762233,0.04746384662576004,0.20849922337291737
hela,sequence_dnase_h3k4me3,single,linear,11190317048.26091,37461697605.8801,0.29871355980686914
hela,sequence_dnase_h3k4me3,single,mlp,0.021332268,0.042832844499999995,0.498035286916329
hela,sequence_dnase_h3k4me3,single,transformer,0.0808978080749511,0.5662846565246578,0.14285714285714285
hela,sequence_dnase_h3k4me3,single,xgboost,0.0262900721281766,0.0406461365055291,0.6468037158857732
hela,sequence_dnase_h3k4me3_rrbs,all,cnn,0.0015182148781604666,0.0073236020240677715,0.20730439381756569
hela,sequence_dnase_h3k4me3_rrbs,all,linear,0.0091852633792797,5778790.422011028,1.5894785428268247e-09
hela,sequence_dnase_h3k4me3_rrbs,all,mlp,0.0032512147,0.007546541800000001,0.4308217970779675
hela,sequence_dnase_h3k4me3_rrbs,all,transformer,0.034106008708477,0.23874206095933898,0.14285714285714288
hela,sequence_dnase_h3k4me3_rrbs,all,xgboost,0.002700027776882,0.0049892525566973,0.5411687915572906
hela,sequence_dnase_h3k4me3_rrbs,single,cnn,0.009521196751544834,0.04472947492589182,0.21286180460020232
hela,sequence_dnase_h3k4me3_rrbs,single,linear,13748368159.5409,45749707805.7989,0.3005126987455482
hela,sequence_dnase_h3k4me3_rrbs,single,mlp,0.02177066,0.042462966506000004,0.5126975760613384
hela,sequence_dnase_h3k4me3_rrbs,single,transformer,0.0935077667236328,0.6545543670654296,0.14285714285714285
hela,sequence_dnase_h3k4me3_rrbs,single,xgboost,0.0265694763511419,0.040096144555718395,0.6626441680501333
hela,sequence_dnase_rrbs,all,cnn,0.0012878791991776,0.004438557632359404,0.2901571424438173
hela,sequence_dnase_rrbs,all,linear,0.008432112540326,10259313.241366526,8.218983417259276e-10
hela,sequence_dnase_rrbs,all,mlp,0.0033861767,0.01005000835,0.33693272503599464
hela,sequence_dnase_rrbs,all,transformer,0.0324991084635257,0.22749375924467996,0.14285714285714282
hela,sequence_dnase_rrbs,all,xgboost,0.0030092075467109,0.0051835646299876696,0.5805286056051467
hela,sequence_dnase_rrbs,single,cnn,0.010326486856987033,0.045391360385110435,0.22749895066758988
hela,sequence_dnase_rrbs,single,linear,9231777266.140415,30858473893.898003,0.2991650623385468
hela,sequence_dnase_rrbs,single,mlp,0.02778844,0.053635129520000005,0.5181014802926498
hela,sequence_dnase_rrbs,single,transformer,0.103357084095478,0.7234995886683462,0.14285714285714282
hela,sequence_dnase_rrbs,single,xgboost,0.0265152957290411,0.0401721893722422,0.6600410916952012
hela,sequence_h3k4me3,all,cnn,0.0015520109251762001,0.0054355698133196325,0.2855286526489023
hela,sequence_h3k4me3,all,linear,0.0098326019333152,0.0180918569557029,0.5434821841334411
hela,sequence_h3k4me3,all,mlp,0.0029615276,0.005941448100000001,0.4984521534405055
hela,sequence_h3k4me3,all,transformer,0.032634250819683,0.22843975573778097,0.14285714285714288
hela,sequence_h3k4me3,all,xgboost,0.0027719847857952,0.005265141975541901,0.5264786398300116
hela,sequence_h3k4me3,single,cnn,0.015470436153312464,0.05971963051706539,0.25905110295167777
hela,sequence_h3k4me3,single,linear,11183609739.378454,33550829217.97533,0.33333333333492327
hela,sequence_h3k4me3,single,mlp,0.019937856,0.036913772899999996,0.5401197015003579
hela,sequence_h3k4me3,single,transformer,0.070739671587944,0.4951777011156081,0.14285714285714282
hela,sequence_h3k4me3,single,xgboost,0.0262900721281766,0.0406461365055291,0.6468037158857732
hela,sequence_h3k4me3_rrbs,all,cnn,0.0013178616257694335,0.004534403376358688,0.29063616894792677
hela,sequence_h3k4me3_rrbs,all,linear,0.0094270888045108,0.059256645442156905,0.15908914070596536
hela,sequence_h3k4me3_rrbs,all,mlp,0.0030395475,0.005976821320000001,0.508555858919336
hela,sequence_h3k4me3_rrbs,all,transformer,0.0383874960243701,0.26871247217059074,0.14285714285714285
hela,sequence_h3k4me3_rrbs,all,xgboost,0.0028092423453927,0.0055886171758172,0.502672173994798
hela,sequence_h3k4me3_rrbs,single,cnn,0.0180592377049227,0.07886645892722279,0.22898502038220825
hela,sequence_h3k4me3_rrbs,single,linear,9239693597.777002,27719080793.175205,0.3333333333352069
hela,sequence_h3k4me3_rrbs,single,mlp,0.017507868,0.036105310599999996,0.4849111587479323
hela,sequence_h3k4me3_rrbs,single,transformer,0.066568948328495,0.46598263829946507,0.14285714285714282
hela,sequence_h3k4me3_rrbs,single,xgboost,0.0265694763511419,0.040096144555718395,0.6626441680501333
hela,sequence_rrbs,all,cnn,0.0025725384087611665,0.007036950317948532,0.3655757526381305
hela,sequence_rrbs,all,linear,0.0087373590353521,0.058280760410609,0.14991841173303594
hela,sequence_rrbs,all,mlp,0.0030704062,0.007163624455999999,0.4286107149891611
hela,sequence_rrbs,all,transformer,0.0270906183868646,0.18963432870805222,0.14285714285714285
hela,sequence_rrbs,all,xgboost,0.0030472718644887,0.005385910088079773,0.565785877345594
hela,sequence_rrbs,single,cnn,0.013839799445122434,0.0554540503653696,0.24957238207013324
hela,sequence_rrbs,single,linear,27928197298.50539,83784591895.35966,0.333333333333956
hela,sequence_rrbs,single,mlp,0.017104704,0.032431311464999994,0.5274132690705235
hela,sequence_rrbs,single,transformer,0.156199648976326,1.093397542834282,0.14285714285714285
hela,sequence_rrbs,single,xgboost,0.0265152957290411,0.0401721893722422,0.6600410916952012
hl60,all,all,cnn,0.0029715403604010002,0.014775856332865238,0.2011078270835338
hl60,all,all,linear,0.0460476808470085,0.2238672707873101,0.20569188468267469
hl60,all,all,mlp,0.012206312,0.02851135095,0.4281211374868226
hl60,all,all,transformer,0.1145179122686386,0.8016253858804702,0.14285714285714285
hl60,all,all,xgboost,0.0176333580166101,0.029881615853809922,0.5901072453001848
hl60,all,single,cnn,0.006486355715120767,0.02140488465617296,0.303031565893076
hl60,all,single,mlp,0.006037771,0.018950469454000002,0.3186079909342598
hl60,all,single,transformer,0.058534175157547,0.409739226102829,0.14285714285714285
hl60,all,single,xgboost,0.0110426973551511,0.01422387916318234,0.7763492102586517
hl60,sequence,all,cnn,0.0070350050615767,0.029995025523627598,0.23453905901947325
hl60,sequence,all,linear,0.0503971796565776,0.0903196901191429,0.5579866315982424
hl60,sequence,all,mlp,0.012848873,0.0210753159,0.6096645507458325
hl60,sequence,all,transformer,0.1257193386554718,0.8800353705883026,0.14285714285714285
hl60,sequence,all,xgboost,0.0186948031187057,0.0283091561868785,0.6603800902893346
hl60,sequence,single,cnn,0.0030689522391184666,0.012223435216583067,0.2510711747344917
hl60,sequence,single,linear,0.0339763097494711,0.042756620669418,0.7946444133685456
hl60,sequence,single,mlp,0.007934616,0.01093432158,0.7256614817798326
hl60,sequence,single,transformer,0.0515435598790645,0.3608049191534515,0.14285714285714285
hl60,sequence,single,xgboost,0.0102271120995283,0.012985024601220899,0.7876082189760896
hl60,sequence_ctcf,all,cnn,0.009523669568200865,0.04766598301163541,0.19980012928456986
hl60,sequence_ctcf,all,linear,0.0459232384821344,0.1060204688973495,0.43315445554761617
hl60,sequence_ctcf,all,mlp,0.00946585,0.0216014667,0.4382040410246773
hl60,sequence_ctcf,all,transformer,0.0907394364476203,0.6351760551333421,0.14285714285714285
hl60,sequence_ctcf,all,xgboost,0.0175758339464664,0.0277623392757957,0.6330818801638126
hl60,sequence_ctcf,single,cnn,0.0049637896784891335,0.017826020227706067,0.2784575365158719
hl60,sequence_ctcf,single,linear,0.0353258587619601,0.11930511793074208,0.29609675908846717
hl60,sequence_ctcf,single,mlp,0.008373616,0.0130187068,0.6431987545798328
hl60,sequence_ctcf,single,transformer,0.0666470676660537,0.46652947366237596,0.14285714285714285
hl60,sequence_ctcf,single,xgboost,0.0105918096378445,0.013761606365733,0.7696637555495387
hl60,sequence_ctcf_dnase,all,cnn,0.0048109094301859,0.020845275061825635,0.23079136235511777
hl60,sequence_ctcf_dnase,all,linear,0.0459737251300262,0.21785925146291818,0.2110248925455956
hl60,sequence_ctcf_dnase,all,mlp,0.011747788,0.036221039499999996,0.32433602575100035
hl60,sequence_ctcf_dnase,all,transformer,0.1226953789591789,0.8588676527142524,0.14285714285714285
hl60,sequence_ctcf_dnase,all,xgboost,0.0174482185393571,0.0278879231627795,0.6256549990299848
hl60,sequence_ctcf_dnase,single,cnn,0.003037345518047567,0.013698934936352334,0.221721289440355
hl60,sequence_ctcf_dnase,single,linear,0.0350243055706313,37334.212010794625,9.3812896226401e-07
hl60,sequence_ctcf_dnase,single,mlp,0.006344019,0.021457760899999997,0.29565149083192555
hl60,sequence_ctcf_dnase,single,transformer,0.0476055815815925,0.3332390710711475,0.14285714285714285
hl60,sequence_ctcf_dnase,single,xgboost,0.0106378383934497,0.013582106497778735,0.783224486951965
hl60,sequence_ctcf_dnase_h3k4me3,all,cnn,0.006570046379541333,0.033115406200522265,0.19839848376788796
hl60,sequence_ctcf_dnase_h3k4me3,all,linear,0.0446370739801902,0.21537260805723374,0.20725511188650422
hl60,sequence_ctcf_dnase_h3k4me3,all,mlp,0.011213489,0.026560788900000003,0.4221820760753081
hl60,sequence_ctcf_dnase_h3k4me3,all,transformer,0.1016513556241989,0.7115594893693923,0.14285714285714285
hl60,sequence_ctcf_dnase_h3k4me3,all,xgboost,0.0178562328219413,0.0292702617007305,0.6100469139808087
hl60,sequence_ctcf_dnase_h3k4me3,single,cnn,0.0033140087034552665,0.012605241014777066,0.26290720657941163
hl60,sequence_ctcf_dnase_h3k4me3,single,mlp,0.0059159985,0.0154525075,0.3828503885210863
hl60,sequence_ctcf_dnase_h3k4me3,single,transformer,0.0593733005225658,0.41561310365796056,0.14285714285714288
hl60,sequence_ctcf_dnase_h3k4me3,single,xgboost,0.0106522040441632,0.0131089637652619,0.8125893270367417
hl60,sequence_ctcf_dnase_rrbs,all,cnn,0.0060530543948212655,0.03253220549656027,0.18606345012364056
hl60,sequence_ctcf_dnase_rrbs,all,linear,0.0473779172096322,0.22593151315924942,0.20970034922148084
hl60,sequence_ctcf_dnase_rrbs,all,mlp,0.015471234,0.03826920458,0.4042737279176551
hl60,sequence_ctcf_dnase_rrbs,all,transformer,0.1439554989337921,1.0076884925365446,0.14285714285714285
hl60,sequence_ctcf_dnase_rrbs,all,xgboost,0.0177959036082029,0.02945157097565208,0.6042429323350852
hl60,sequence_ctcf_dnase_rrbs,single,cnn,0.0031039405924577997,0.013625405559044351,0.2278053727653962
hl60,sequence_ctcf_dnase_rrbs,single,linear,0.0366464357070593,66553766.04020958,5.506290310441446e-10
hl60,sequence_ctcf_dnase_rrbs,single,mlp,0.0061968137,0.016563569937,0.3741230739248697
hl60,sequence_ctcf_dnase_rrbs,single,transformer,0.0399621129035949,0.27973479032516435,0.14285714285714285
hl60,sequence_ctcf_dnase_rrbs,single,xgboost,0.0107969185337424,0.013412270640401248,0.8050030321651334
hl60,sequence_ctcf_h3k4me3,all,cnn,0.0056265206076204334,0.023008253464164564,0.24454357721605247
hl60,sequence_ctcf_h3k4me3,all,linear,0.0445898023187096,0.103615750459814,0.4303380723570898
hl60,sequence_ctcf_h3k4me3,all,mlp,0.01086733,0.0223871707,0.4854266823453488
hl60,sequence_ctcf_h3k4me3,all,transformer,0.0909363329410553,0.6365543305873871,0.14285714285714285
hl60,sequence_ctcf_h3k4me3,all,xgboost,0.0176891516894102,0.0281186674255876,0.629089260229783
hl60,sequence_ctcf_h3k4me3,single,cnn,0.0033695534802972668,0.012136131685110468,0.2776464171389383
hl60,sequence_ctcf_h3k4me3,single,linear,0.0351107719081903,0.11629990349707289,0.30189854722514015
hl60,sequence_ctcf_h3k4me3,single,mlp,0.007526089,0.012849507199999999,0.5857103220269801
hl60,sequence_ctcf_h3k4me3,single,transformer,0.040666364133358,0.284664548933506,0.14285714285714285
hl60,sequence_ctcf_h3k4me3,single,xgboost,0.010691818781197,0.013378208288486114,0.7991966151699744
hl60,sequence_ctcf_h3k4me3_rrbs,all,cnn,0.004910280074303334,0.030511023947837945,0.16093462096513098
hl60,sequence_ctcf_h3k4me3_rrbs,all,linear,0.0459899881321919,0.11254097130142858,0.4086510681431102
hl60,sequence_ctcf_h3k4me3_rrbs,all,mlp,0.011026099,0.02252944486,0.48940837506281987
hl60,sequence_ctcf_h3k4me3_rrbs,all,transformer,0.0897536948323249,0.6282758638262742,0.14285714285714288
hl60,sequence_ctcf_h3k4me3_rrbs,all,xgboost,0.0176828932017087,0.029354311976930853,0.6023950830666868
hl60,sequence_ctcf_h3k4me3_rrbs,single,cnn,0.004207544727250867,0.014253875483215203,0.29518601675772344
hl60,sequence_ctcf_h3k4me3_rrbs,single,mlp,0.00768219,0.01257671842,0.610826269894337
hl60,sequence_ctcf_h3k4me3_rrbs,single,transformer,0.0198320299386978,0.1388242095708846,0.14285714285714288
hl60,sequence_ctcf_h3k4me3_rrbs,single,xgboost,0.0111246136948466,0.01369623847131139,0.8122386097576059
hl60,sequence_ctcf_rrbs,all,cnn,0.0055941618047654325,0.024959148199741103,0.22413272119693012
hl60,sequence_ctcf_rrbs,all,linear,0.0473011616288339,0.11450398456537841,0.413096206288143
hl60,sequence_ctcf_rrbs,all,mlp,0.010788177,0.022002046735000003,0.49032606511277815
hl60,sequence_ctcf_rrbs,all,transformer,0.0747624710202217,0.5233372971415519,0.14285714285714285
hl60,sequence_ctcf_rrbs,all,xgboost,0.0173050109297037,0.028303178107307442,0.6114158227777188
hl60,sequence_ctcf_rrbs,single,cnn,0.0041286794003098665,0.015286592117869443,0.2700850110001691
hl60,sequence_ctcf_rrbs,single,linear,0.0369456562025877,0.1418026129590559,0.26054284495628716
hl60,sequence_ctcf_rrbs,single,mlp,0.008564653,0.012989337489999999,0.6593602642624078
hl60,sequence_ctcf_rrbs,single,transformer,0.064309075474739,0.4501635283231731,0.14285714285714285
hl60,sequence_ctcf_rrbs,single,xgboost,0.0111948158591985,0.01428521464549681,0.7836645186656325
hl60,sequence_dnase,all,cnn,0.009295622973392367,0.038670497868830735,0.2403802248660688
hl60,sequence_dnase,all,linear,0.0504443927913263,0.19029463073939729,0.2650857388635855
hl60,sequence_dnase,all,mlp,0.013022668,0.0230738252,0.5643913779844358
hl60,sequence_dnase,all,transformer,0.1142423599958419,0.7996965199708932,0.14285714285714288
hl60,sequence_dnase,all,xgboost,0.0185577496886253,0.0289673066872636,0.6406446373830401
hl60,sequence_dnase,single,cnn,0.0016782317155350668,0.006397211865987401,0.2623379920333519
hl60,sequence_dnase,single,linear,0.0336385933994323,3127058.6062180917,1.0757263497570097e-08
hl60,sequence_dnase,single,mlp,0.007164073,0.01518831812,0.47168310167050936
hl60,sequence_dnase,single,transformer,0.034900140017271,0.24430098012089696,0.14285714285714288
hl60,sequence_dnase,single,xgboost,0.0105369994416832,0.013116944639477601,0.8033120312157428
hl60,sequence_dnase_h3k4me3,all,cnn,0.006502001080661933,0.02482894622759553,0.2618718096636515
hl60,sequence_dnase_h3k4me3,all,linear,0.0488930824881288,0.19342975824694753,0.2527691857305021
hl60,sequence_dnase_h3k4me3,all,mlp,0.018008176,0.0354509898,0.5079738563463184
hl60,sequence_dnase_h3k4me3,all,transformer,0.1066581159830093,0.7466068118810651,0.14285714285714285
hl60,sequence_dnase_h3k4me3,all,xgboost,0.0188464373350143,0.029401927487924404,0.6409932594641857
hl60,sequence_dnase_h3k4me3,single,cnn,0.0018362396707136668,0.008465864016518934,0.21689926357554556
hl60,sequence_dnase_h3k4me3,single,mlp,0.007471006,0.016721232899999997,0.4467975564170272
hl60,sequence_dnase_h3k4me3,single,transformer,0.0731831938028335,0.5122823566198345,0.14285714285714288
hl60,sequence_dnase_h3k4me3,single,xgboost,0.0104613807052373,0.0136635917588134,0.7656391445162591
hl60,sequence_dnase_h3k4me3_rrbs,all,cnn,0.007357563668241067,0.03084539965069144,0.23853034006891646
hl60,sequence_dnase_h3k4me3_rrbs,all,linear,0.0502528910900976,0.2019219476141428,0.2488728525248131
hl60,sequence_dnase_h3k4me3_rrbs,all,mlp,0.011243316,0.023471953264,0.4790106674779548
hl60,sequence_dnase_h3k4me3_rrbs,all,transformer,0.0954787135124206,0.6683509945869441,0.14285714285714288
hl60,sequence_dnase_h3k4me3_rrbs,all,xgboost,0.0183786451816558,0.029324754432309082,0.6267280165663311
hl60,sequence_dnase_h3k4me3_rrbs,single,cnn,0.0030039698661615,0.011194620318443807,0.2683404868329728
hl60,sequence_dnase_h3k4me3_rrbs,single,mlp,0.0077777007,0.016443385640000002,0.47299874066567227
hl60,sequence_dnase_h3k4me3_rrbs,single,transformer,0.0647860020399093,0.4535020142793651,0.14285714285714285
hl60,sequence_dnase_h3k4me3_rrbs,single,xgboost,0.0103307943791151,0.013185776100726609,0.7834801910936298
hl60,sequence_dnase_rrbs,all,cnn,0.006361321390916833,0.02591043342423865,0.24551196372369266
hl60,sequence_dnase_rrbs,all,linear,0.0518008392939406,0.1983087584325492,0.2612130684664623
hl60,sequence_dnase_rrbs,all,mlp,0.012682898,0.02262968546,0.5604540117191713
hl60,sequence_dnase_rrbs,all,transformer,0.128803864121437,0.9016270488500588,0.14285714285714288
hl60,sequence_dnase_rrbs,all,xgboost,0.0184254460036754,0.029279464913997494,0.6292958583019335
hl60,sequence_dnase_rrbs,single,cnn,0.0021181940101086334,0.008963576827833419,0.23631124614576668
hl60,sequence_dnase_rrbs,single,linear,0.0351748914632615,734032.1768188828,4.792009475075185e-08
hl60,sequence_dnase_rrbs,single,mlp,0.007262077,0.013994512017000001,0.5189232029797327
hl60,sequence_dnase_rrbs,single,transformer,0.0332330055534839,0.23263103887438732,0.14285714285714285
hl60,sequence_dnase_rrbs,single,xgboost,0.0106995096430182,0.013484989984135437,0.7934384568031385
hl60,sequence_h3k4me3,all,cnn,0.00933324592188,0.04627763565319263,0.20167940280752247
hl60,sequence_h3k4me3,all,linear,0.0488144428832622,0.0920757945239192,0.5301550004065544
hl60,sequence_h3k4me3,all,mlp,0.013084524,0.0219384885,0.5964186639384933
hl60,sequence_h3k4me3,all,transformer,0.066832348704338,0.46782644093036607,0.14285714285714285
hl60,sequence_h3k4me3,all,xgboost,0.0185707416385412,0.0283249777276066,0.6556312882972349
hl60,sequence_h3k4me3,single,cnn,0.003304593420277,0.010182898996087235,0.3245238336888921
hl60,sequence_h3k4me3,single,mlp,0.006857785,0.01089748156,0.6292999866292043
hl60,sequence_h3k4me3,single,transformer,0.0349591486155986,0.2447140403091902,0.14285714285714288
hl60,sequence_h3k4me3,single,xgboost,0.0100297154858708,0.012845767370890599,0.7807797849896326
hl60,sequence_h3k4me3_rrbs,all,cnn,0.0067787524312734005,0.02855814739450556,0.23736667290181426
hl60,sequence_h3k4me3_rrbs,all,linear,0.0501611390844232,0.1006520859565528,0.4983616445472935
hl60,sequence_h3k4me3_rrbs,all,mlp,0.011314021,0.019372179096,0.5840345034976545
hl60,sequence_h3k4me3_rrbs,all,transformer,0.0601552315056324,0.4210866205394268,0.14285714285714285
hl60,sequence_h3k4me3_rrbs,all,xgboost,0.018580911681056,0.02871001627499914,0.6471926557992366
hl60,sequence_h3k4me3_rrbs,single,cnn,0.0035776622438182,0.011857221556662278,0.3017285480178955
hl60,sequence_h3k4me3_rrbs,single,linear,0.0353259287823397,0.0574037101612269,0.6153945221157578
hl60,sequence_h3k4me3_rrbs,single,mlp,0.0072240913,0.011690989914,0.6179195562686378
hl60,sequence_h3k4me3_rrbs,single,transformer,0.0288179405033588,0.20172558352351155,0.14285714285714288
hl60,sequence_h3k4me3_rrbs,single,xgboost,0.010851128026843,0.013007422006921626,0.8342258766624778
hl60,sequence_rrbs,all,cnn,0.007540633125851501,0.042185243260367385,0.1787504952694169
hl60,sequence_rrbs,all,linear,0.0517049240522723,0.0984394897131065,0.5252457545540097
hl60,sequence_rrbs,all,mlp,0.012108632,0.021362231008,0.5668243169669593
hl60,sequence_rrbs,all,transformer,0.12360230833292,0.86521615833044,0.14285714285714288
hl60,sequence_rrbs,all,xgboost,0.0183746479451656,0.029252328051370263,0.6281430972911873
hl60,sequence_rrbs,single,cnn,0.0037562639142076,0.012648525645393531,0.29697247090419543
hl60,sequence_rrbs,single,linear,0.0354669700264377,0.0572383192426794,0.619636818405946
hl60,sequence_rrbs,single,mlp,0.007825004,0.011116529725,0.7039070819378392
hl60,sequence_rrbs,single,transformer,0.0626807361841201,0.4387651532888406,0.14285714285714288
hl60,sequence_rrbs,single,xgboost,0.0108434408903121,0.013580775746958963,0.7984404641053134
none,all,mixed,cnn,0.004335496535835109,0.024282354725566002,0.17854514460537155
none,all,mixed,linear,0.05356531834112987,0.19711111898920772,0.27175188602152217
none,all,mixed,mlp,0.014356148999999999,0.03524569423825,0.407316391697575
none,all,mixed,transformer,0.06813989672809835,0.47697927709668847,0.14285714285714285
none,all,mixed,xgboost,0.024368859361857148,0.03424819334054488,0.7115370764100413
none,sequence,mixed,cnn,0.004653262963984109,0.01672816741726498,0.278169320518727
none,sequence,mixed,linear,0.0593797288665114,0.08312620280404605,0.71433226664386
none,sequence,mixed,mlp,0.01622862675,0.0282706189675,0.5740456821499551
none,sequence,mixed,transformer,0.11517670098692175,0.8062369069084523,0.14285714285714285
none,sequence,mixed,xgboost,0.0243136188946664,0.03374032518331642,0.7206100937844178
none,sequence_ctcf,mixed,cnn,0.004471070695823633,0.02188302246455936,0.20431687181534242
none,sequence_ctcf,mixed,linear,0.05450667612658171,0.10564143192777968,0.5159592702590822
none,sequence_ctcf,mixed,mlp,0.01424867475,0.0297394801475,0.4791164700704357
none,sequence_ctcf,mixed,transformer,0.08628887496888635,0.6040221247822044,0.14285714285714288
none,sequence_ctcf,mixed,xgboost,0.0240859878249466,0.033921761099918304,0.7100453232366113
none,sequence_ctcf_dnase,mixed,cnn,0.0050616838658848915,0.023460868298570536,0.21575006523493842
none,sequence_ctcf_dnase,mixed,linear,0.05457762763455595,0.16856564522786338,0.32377669578388346
none,sequence_ctcf_dnase,mixed,mlp,0.014630391500000001,0.0380993826225,0.3840059993875036
none,sequence_ctcf_dnase,mixed,transformer,0.11267734877765176,0.7887414414435623,0.14285714285714285
none,sequence_ctcf_dnase,mixed,xgboost,0.024075912777334396,0.03407649710106824,0.7065254596423779
none,sequence_ctcf_dnase_h3k4me3,mixed,cnn,0.005319153366144701,0.02624632268816611,0.2026628045894974
none,sequence_ctcf_dnase_h3k4me3,mixed,linear,0.05388579858014293,0.17168533110260728,0.3138637310134448
none,sequence_ctcf_dnase_h3k4me3,mixed,mlp,0.0176706315,0.043904956425,0.40247463928555754
none,sequence_ctcf_dnase_h3k4me3,mixed,transformer,0.07141231931746,0.49988623522222003,0.14285714285714285
none,sequence_ctcf_dnase_h3k4me3,mixed,xgboost,0.02394404448568815,0.03353586760783827,0.7139831527749638
none,sequence_ctcf_dnase_rrbs,mixed,cnn,0.004598101154745817,0.023271328239388534,0.1975865368510927
none,sequence_ctcf_dnase_rrbs,mixed,linear,0.05418009503935043,0.19543573220276897,0.2772271704292916
none,sequence_ctcf_dnase_rrbs,mixed,mlp,0.015262920499999999,0.03611728768625,0.4225932088973186
none,sequence_ctcf_dnase_rrbs,mixed,transformer,0.12525153346359724,0.8767607342451806,0.14285714285714288
none,sequence_ctcf_dnase_rrbs,mixed,xgboost,0.023976842407137128,0.03381201772299365,0.7091219046307262
none,sequence_ctcf_h3k4me3,mixed,cnn,0.003922773879215375,0.01933379134546437,0.20289729050663632
none,sequence_ctcf_h3k4me3,mixed,linear,0.0538373864055325,0.10633759840687915,0.5062874017479191
none,sequence_ctcf_h3k4me3,mixed,mlp,0.014388099750000001,0.03018883625,0.47660332550911105
none,sequence_ctcf_h3k4me3,mixed,transformer,0.09241886530071491,0.6469320571050046,0.14285714285714282
none,sequence_ctcf_h3k4me3,mixed,xgboost,0.023770804051309803,0.033139647635834775,0.7172919975650497
none,sequence_ctcf_h3k4me3_rrbs,mixed,cnn,0.0044485139563524,0.02196603190789853,0.20251786827063684
none,sequence_ctcf_h3k4me3_rrbs,mixed,linear,0.0550922270869251,0.11994055708923321,0.45932942470775473
none,sequence_ctcf_h3k4me3_rrbs,mixed,mlp,0.0135506795,0.02994781269825,0.45247643414010774
none,sequence_ctcf_h3k4me3_rrbs,mixed,transformer,0.0859374720603227,0.6015623044222589,0.14285714285714288
none,sequence_ctcf_h3k4me3_rrbs,mixed,xgboost,0.0240321792662143,0.03350100570423785,0.7173569497698468
none,sequence_ctcf_rrbs,mixed,cnn,0.003963992251859316,0.01794751135298587,0.22086584451163138
none,sequence_ctcf_rrbs,mixed,linear,0.055754755538956924,0.11839120723579762,0.47093662477747344
none,sequence_ctcf_rrbs,mixed,mlp,0.01466141925,0.031170296322500003,0.4703650904793223
none,sequence_ctcf_rrbs,mixed,transformer,0.09169458691030738,0.6418621083721516,0.14285714285714288
none,sequence_ctcf_rrbs,mixed,xgboost,0.024130732752382724,0.03349571960643495,0.7204124298839337
none,sequence_dnase,mixed,cnn,0.004768370243254983,0.020719496021532034,0.2301392967425277
none,sequence_dnase,mixed,linear,0.05800353580519857,0.14701058373050602,0.3945534690993973
none,sequence_dnase,mixed,mlp,0.015720128,0.03334663392750001,0.47141573671806386
none,sequence_dnase,mixed,transformer,0.09638519492000337,0.6746963644400237,0.14285714285714285
none,sequence_dnase,mixed,xgboost,0.023894168436527176,0.03253728385470801,0.7343627250272087
none,sequence_dnase_h3k4me3,mixed,cnn,0.004507077261223408,0.0202037894778184,0.22308078720438548
none,sequence_dnase_h3k4me3,mixed,linear,0.0569605538924223,0.15043344600372402,0.3786428843158471
none,sequence_dnase_h3k4me3,mixed,mlp,0.01527302925,0.0326657381175,0.46755500197369754
none,sequence_dnase_h3k4me3,mixed,transformer,0.06716665439307686,0.47016658075153794,0.14285714285714288
none,sequence_dnase_h3k4me3,mixed,xgboost,0.024177502375096027,0.03313054317993622,0.7297647443866199
none,sequence_dnase_h3k4me3_rrbs,mixed,cnn,0.00486296134962075,0.020409560620615944,0.23826879176951088
none,sequence_dnase_h3k4me3_rrbs,mixed,linear,0.0580769393134111,19.43208684371086,0.002988713450105208
none,sequence_dnase_h3k4me3_rrbs,mixed,mlp,0.01628637825,0.033944488486,0.4797944814138862
none,sequence_dnase_h3k4me3_rrbs,mixed,transformer,0.08361938782036302,0.5853357147425412,0.14285714285714285
none,sequence_dnase_h3k4me3_rrbs,mixed,xgboost,0.02442288538441055,0.03378424458333002,0.7229075471606491
none,sequence_dnase_rrbs,mixed,cnn,0.004787374569180675,0.025084425662687884,0.19085047565197835
none,sequence_dnase_rrbs,mixed,linear,0.059109597619879405,0.15675115651200414,0.37709193944832387
none,sequence_dnase_rrbs,mixed,mlp,0.01720838125,0.035200385383499996,0.4888691149974268
none,sequence_dnase_rrbs,mixed,transformer,0.11079185083508489,0.7755429558455942,0.14285714285714285
none,sequence_dnase_rrbs,mixed,xgboost,0.024345305282622524,0.03366880564590219,0.7230819393673852
none,sequence_h3k4me3,mixed,cnn,0.0049615657868949834,0.017689025044091766,0.2804883691739797
none,sequence_h3k4me3,mixed,linear,0.05821022834749838,0.08301563757153155,0.7011959439249111
none,sequence_h3k4me3,mixed,mlp,0.016164150500000002,0.028462842417500002,0.5679035938470323
none,sequence_h3k4me3,mixed,transformer,0.09689116850495333,0.6782381795346734,0.14285714285714285
none,sequence_h3k4me3,mixed,xgboost,0.024335758760571424,0.03366704931249818,0.7228361040697823
none,sequence_h3k4me3_rrbs,mixed,cnn,0.004622204423261133,0.01730962860256093,0.26703082598648514
none,sequence_h3k4me3_rrbs,mixed,linear,0.059454182970939254,0.09565287825023283,0.6215618814459933
none,sequence_h3k4me3_rrbs,mixed,mlp,0.017367189249999998,0.031196606603999998,0.5567012294142657
none,sequence_h3k4me3_rrbs,mixed,transformer,0.12464631535112851,0.8725242074578996,0.14285714285714285
none,sequence_h3k4me3_rrbs,mixed,xgboost,0.024191007018089253,0.033387643490641224,0.724549698299916
none,sequence_rrbs,mixed,cnn,0.005025897291488891,0.018705572256294347,0.2686844980001987
none,sequence_rrbs,mixed,linear,0.06061930779652362,0.09592847412539142,0.6319219433980158
none,sequence_rrbs,mixed,mlp,0.016179002249999998,0.028029781012499998,0.577207586558914
none,sequence_rrbs,mixed,transformer,0.12034452240914101,0.842411656863987,0.14285714285714288
none,sequence_rrbs,mixed,xgboost,0.024740381632000177,0.034099537955625904,0.7255342187977767
