model,kernel,cell_line,position,reference_base,mutated_base,n,mean_effect,median_effect,std,ci_low,ci_high,fraction_positive,fraction_negative,available,signed_effect_available,min,max,fraction_channel_is_top,rank_mean,rank_median,fraction_rank_le3,mean_ism_snr,mean_cnn_ig
cnn,3,hct116,18,not_stored,A,32.0,0.020134036778472315,0.01941057760268445,0.006101421533802916,0.018020002073171778,0.022248071483772853,not_available,not_available,magnitude_only,False,0.0110745709389448,0.0331122204661369,1.0,1.9375,2.0,1.0,1.2426608446985483,0.012990050672669843
cnn,3,hct116,18,not_stored,C,32.0,0.011562859057448754,0.011357688345015,0.002972681095134964,0.010532877606718012,0.012592840508179496,not_available,not_available,magnitude_only,False,0.0064695193432271,0.0175999905914068,0.0,10.96875,9.0,0.0,1.0249471049755812,0.010109808645211106
cnn,3,hct116,18,not_stored,G,32.0,0.012387820737785615,0.01105756312608715,0.004217226076426543,0.010926626451131021,0.013849015024440208,not_available,not_available,magnitude_only,False,0.0056169033050537,0.0226013865321874,0.0,5.5,5.0,0.125,1.023418340831995,0.003629543634815441
cnn,3,hct116,18,not_stored,T,32.0,0.012332636222708922,0.01254250202327965,0.0028055597781927095,0.011360559354058618,0.013304713091359225,not_available,not_available,magnitude_only,False,0.0074608097784221,0.0178573634475469,0.0,16.8125,18.5,0.0,1.005566094070673,0.0
cnn,3,hek293t,18,not_stored,A,32.0,0.012640845045098052,0.01244139764457935,0.00510991209315075,0.010870350833854372,0.014411339256341731,not_available,not_available,magnitude_only,False,0.0055853822268545,0.0221157316118478,0.28125,7.0625,3.5,0.5,1.2221539840102196,0.005641478530378609
cnn,3,hek293t,18,not_stored,C,32.0,0.00991134416835843,0.010092948563396851,0.002425076339857126,0.009071098085202497,0.010751590251514363,not_available,not_available,magnitude_only,False,0.0058453688398003,0.0152768669649958,0.0,12.875,10.0,0.0,1.0991064719855785,0.005834633080667068
cnn,3,hek293t,18,not_stored,G,32.0,0.010250585037283556,0.00999247888103125,0.0027628428200169065,0.009293308839524162,0.01120786123504295,not_available,not_available,magnitude_only,False,0.0062476326711475,0.0167278293520212,0.0,7.125,5.0,0.09375,1.1311449725180864,0.0021263559010548687
cnn,3,hek293t,18,not_stored,T,32.0,0.015094601782038756,0.0150154908187687,0.002983084219631101,0.014061015832568408,0.016128187731509105,not_available,not_available,magnitude_only,False,0.0094417622312903,0.0195021796971559,0.71875,6.9375,5.0,0.0,1.15604580193758,0.004627932450603066
cnn,3,hela,18,not_stored,A,32.0,0.01746359626849875,0.014674791134893849,0.012626030708192378,0.013088899821214865,0.021838292715782633,not_available,not_available,magnitude_only,False,0.0028850403614342,0.0333343632519245,0.8125,2.3125,2.0,0.875,1.307590389624238,0.011679737115628043
cnn,3,hela,18,not_stored,C,32.0,0.01042333312216209,0.0091645242646336,0.005952856212975469,0.008360773674306612,0.012485892570017566,not_available,not_available,magnitude_only,False,0.002867461182177,0.0185765270143747,0.09375,7.5,8.0,0.21875,1.1429740525782108,0.008140203846778554
cnn,3,hela,18,not_stored,G,32.0,0.010893406673858356,0.0087643456645309,0.006976719506418216,0.008476096693880213,0.013310716653836499,not_available,not_available,magnitude_only,False,0.0032298781443387,0.020405177026987,0.0625,12.1875,11.5,0.03125,1.1204506140202284,0.002842318110197031
cnn,3,hela,18,not_stored,T,32.0,0.010298304012394465,0.0094794479664415,0.006294290842616163,0.00811744350098307,0.01247916452380586,not_available,not_available,magnitude_only,False,0.0030504905153065,0.0202686283737421,0.03125,16.3125,18.0,0.0625,1.2082980405539274,0.0
cnn,3,hl60,18,not_stored,A,32.0,0.010299280242179475,0.009186665061861249,0.0033003157399026065,0.009155779178705978,0.011442781305652973,not_available,not_available,magnitude_only,False,0.0064972806721925,0.0183736272156238,0.46875,6.4375,3.5,0.5,1.1112321019172668,0.004788092253875172
cnn,3,hl60,18,not_stored,C,32.0,0.008061157466727253,0.00760375079698855,0.0020954247616431342,0.0073351298280994615,0.008787185105355045,not_available,not_available,magnitude_only,False,0.0048338863998651,0.0132270194590091,0.0,14.78125,14.5,0.0,1.1235750373452902,0.006422324702725685
cnn,3,hl60,18,not_stored,G,32.0,0.009240847211913154,0.008679021615535,0.0024835433600349163,0.008380343339799912,0.010101351084026395,not_available,not_available,magnitude_only,False,0.0062592863105237,0.015134616754949,0.0,9.46875,8.0,0.28125,1.10230871476233,0.001761823181368475
cnn,3,hl60,18,not_stored,T,32.0,0.011410745268221906,0.0111215393990278,0.002630005147055526,0.010499494975943048,0.012321995560500764,not_available,not_available,magnitude_only,False,0.0065137320198118,0.018570763990283,0.53125,5.71875,5.0,0.0,1.165629392489791,0.005056123518443147
cnn,3,pooled,18,not_stored,A,64.0,0.01443516022845865,0.014378822408616501,0.003029171367174327,0.01369301324350094,0.01517730721341636,not_available,not_available,magnitude_only,False,0.0078000188805162,0.0210014749318361,0.71875,2.8125,1.5,0.875,1.1710767522454262,0.004457103261302057
cnn,3,pooled,18,not_stored,C,64.0,0.012183554266812228,0.0121256932616233,0.0022830519191695867,0.01162420654661568,0.012742901987008776,not_available,not_available,magnitude_only,False,0.0081316540017724,0.0180507600307464,0.28125,4.140625,3.0,0.671875,1.0650329496711493,0.0028889655932288734
cnn,3,pooled,18,not_stored,G,64.0,0.010090552124893248,0.0102663896977901,0.0018544182676085892,0.009636219649329144,0.010544884600457351,not_available,not_available,magnitude_only,False,0.0049657160416245,0.0137408580631017,0.0,9.953125,7.0,0.03125,1.020076273009181,0.0016683669036864938
cnn,3,pooled,18,not_stored,T,64.0,0.008778463627095282,0.0088013811036944,0.001986898513930718,0.008291673491182256,0.009265253763008309,not_available,not_available,magnitude_only,False,0.0050712306983768,0.0130181107670068,0.0,17.140625,19.0,0.0,1.0347505956888199,0.0006640170033733281
cnn,5,hct116,18,not_stored,A,32.0,0.025834239495452438,0.02454300411045545,0.008413449645715328,0.022919127919600574,0.028749351071304302,not_available,not_available,magnitude_only,False,0.0154829751700162,0.0546343773603439,0.4375,1.0,1.0,1.0,1.3129729498177767,0.01668526637513419
cnn,5,hct116,18,not_stored,C,32.0,0.02762874905602071,0.0286564538255333,0.007805605673616657,0.024924244671510273,0.030333253440531147,not_available,not_available,magnitude_only,False,0.0133403250947594,0.0423837825655937,0.5625,2.5,1.0,0.90625,1.3727513365447521,0.004637022582755838
cnn,5,hct116,18,not_stored,G,32.0,0.015509615666815031,0.01366218924522395,0.006534207601337164,0.013245628239567797,0.017773603094062267,not_available,not_available,magnitude_only,False,0.0073252520523965,0.0357844233512878,0.0,5.46875,5.0,0.40625,1.0855012238025665,0.004176705930149129
cnn,5,hct116,18,not_stored,T,32.0,0.018321930838283106,0.0164631372317671,0.0054567192849775984,0.016431274065657964,0.020212587610908248,not_available,not_available,magnitude_only,False,0.0104828812181949,0.0293232742697,0.0,3.375,2.0,0.78125,1.1004162840545177,0.0
cnn,5,hek293t,18,not_stored,A,32.0,0.018201107130153053,0.01749159209430215,0.008869153782412681,0.015128102126517193,0.021274112133788912,not_available,not_available,magnitude_only,False,0.005595542024821,0.0322319902479648,0.1875,6.4375,2.5,0.5,1.2458664756268263,0.009123690437263524
cnn,5,hek293t,18,not_stored,C,32.0,0.018214272946352084,0.018886351026594597,0.008268008273264859,0.015349554235055376,0.02107899165764879,not_available,not_available,magnitude_only,False,0.0044729765504598,0.0292641017585992,0.28125,10.53125,10.0,0.5,1.2170360498130322,0.0031760220826981284
cnn,5,hek293t,18,not_stored,G,32.0,0.013597279816167387,0.013609380926936799,0.0035893475555475256,0.012353634337851511,0.014840925294483264,not_available,not_available,magnitude_only,False,0.0045716664753854,0.0192318949848413,0.0,7.21875,6.0,0.21875,1.2177813276648521,0.002361587508858003
cnn,5,hek293t,18,not_stored,T,32.0,0.020668036304414217,0.02030414715409275,0.005997591561797304,0.018589976848988513,0.02274609575983992,not_available,not_available,magnitude_only,False,0.0085657807067036,0.0310610998421907,0.53125,3.53125,3.0,0.53125,1.2735266536474228,0.007948639700771264
cnn,5,hela,18,not_stored,A,32.0,0.030759179586311747,0.0265174768865108,0.022965463524847834,0.02280205244047076,0.03871630673215273,not_available,not_available,magnitude_only,False,0.0050276103429496,0.064870074391365,0.625,4.21875,2.0,0.59375,1.420769914984703,0.02390302281855834
cnn,5,hela,18,not_stored,C,32.0,0.021123966391314704,0.02365784347057335,0.011955127857942234,0.016981725921946158,0.02526620686068325,not_available,not_available,magnitude_only,False,0.0058964164927601,0.0412134267389774,0.375,2.25,1.5,0.8125,1.2913682758808136,0.005830947772665191
cnn,5,hela,18,not_stored,G,32.0,0.020748396047565572,0.0146582131274044,0.01524302822467817,0.015466956222056513,0.02602983587307463,not_available,not_available,magnitude_only,False,0.0038550046738237,0.0428638495504856,0.0,10.59375,10.5,0.5,1.2193327061831951,0.008368669446099332
cnn,5,hela,18,not_stored,T,32.0,0.01565429619222408,0.0141145423986017,0.009745198667179692,0.012277757122053375,0.019030835262394782,not_available,not_available,magnitude_only,False,0.0043419790454208,0.0373846925795078,0.0,9.6875,7.5,0.3125,1.1670751385390759,0.0
cnn,5,hl60,18,not_stored,A,32.0,0.01608219931949857,0.01317543815821405,0.006197127659332887,0.013935004133519998,0.01822939450547714,not_available,not_available,magnitude_only,False,0.0085945539176464,0.0281960722059011,0.21875,7.71875,1.0,0.53125,1.142463993281126,0.009334252295957357
cnn,5,hl60,18,not_stored,C,32.0,0.018195286742411516,0.01855914201587435,0.004207863965451498,0.016737336261713694,0.019653237223109337,not_available,not_available,magnitude_only,False,0.0111099556088447,0.0249318778514862,0.4375,2.09375,2.0,0.84375,1.1286048740148544,0.004680161095166075
cnn,5,hl60,18,not_stored,G,32.0,0.013680420830496538,0.01327511994168155,0.0035058601326724875,0.012465702268381439,0.014895139392611638,not_available,not_available,magnitude_only,False,0.0067767691798508,0.0204337034374475,0.0,8.3125,6.5,0.25,1.1007857955992222,0.004480542527744497
cnn,5,hl60,18,not_stored,T,32.0,0.01679167868860527,0.0164721021428704,0.004975039682871436,0.015067915383354296,0.018515441993856248,not_available,not_available,magnitude_only,False,0.0067789708264172,0.0317727476358413,0.34375,3.1875,3.0,0.625,1.183349383994937,0.009598341039236357
cnn,5,pooled,18,not_stored,A,64.0,0.030166823096806135,0.02958433795720335,0.008131963822845893,0.02817449196020889,0.032159154233403375,not_available,not_available,magnitude_only,False,0.017094811424613,0.0502017773687839,0.359375,1.140625,1.0,0.984375,1.3079461567103863,0.015250690474203972
cnn,5,pooled,18,not_stored,C,64.0,0.0320710657688323,0.030923916026949848,0.005589048916579451,0.030701748784270334,0.03344038275339427,not_available,not_available,magnitude_only,False,0.0235219541937112,0.0486411899328231,0.640625,1.140625,1.0,1.0,1.3055105563253164,0.004682928556576319
cnn,5,pooled,18,not_stored,G,64.0,0.016993052529869553,0.016527640633285,0.004706131695435563,0.01584005026448784,0.018146054795251266,not_available,not_available,magnitude_only,False,0.0087144533172249,0.028422113507986,0.0,4.90625,4.0,0.4375,1.054064579308033,0.00333881532424125
cnn,5,pooled,18,not_stored,T,64.0,0.016933221835643004,0.0146034555509686,0.005964224694173866,0.015471986785570407,0.0183944568857156,not_available,not_available,magnitude_only,False,0.0088337743654847,0.0303208213299512,0.0,6.828125,4.0,0.328125,1.0798678053542972,0.002237147733921984
cnn,7,hct116,18,not_stored,A,32.0,0.024471854150760863,0.0235298424959182,0.004121118003411982,0.0230439596124824,0.025899748689039326,not_available,not_available,magnitude_only,False,0.0172747001051902,0.0391744561493396,0.0625,1.1875,1.0,1.0,1.489419598132372,0.00900860242109041
cnn,7,hct116,18,not_stored,C,32.0,0.036546100745908874,0.0350713767111301,0.00989104046117518,0.03311903007219601,0.03997317141962174,not_available,not_available,magnitude_only,False,0.0171662140637636,0.0584134571254253,0.9375,1.09375,1.0,1.0,1.8220962844789028,0.007169782424170944
cnn,7,hct116,18,not_stored,G,32.0,0.01600798958679655,0.015578065998852201,0.005072268786899571,0.014250538115739949,0.01776544105785315,not_available,not_available,magnitude_only,False,0.0085464557632803,0.02746750600636,0.0,7.15625,7.0,0.0,1.1559729892760515,0.0030513533783959722
cnn,7,hct116,18,not_stored,T,32.0,0.01917388607398602,0.01763334404677145,0.00442141680367793,0.01764194330986294,0.0207058288381091,not_available,not_available,magnitude_only,False,0.0118362326174974,0.0273505467921495,0.0,5.40625,3.0,0.65625,1.2530450373888016,0.0
cnn,7,hek293t,18,not_stored,A,32.0,0.018949697041534777,0.020152715034782852,0.008171295048470644,0.016118487753008448,0.021780906330061106,not_available,not_available,magnitude_only,False,0.0071046538650989,0.0357612036168575,0.03125,5.375,2.0,0.5625,1.3975658565759659,0.004762204041980969
cnn,7,hek293t,18,not_stored,C,32.0,0.02785639556532255,0.029284928925335352,0.013295895440622594,0.0232496028295969,0.032463188301048204,not_available,not_available,magnitude_only,False,0.0044336598366498,0.0462299399077892,0.90625,1.625,1.0,0.96875,1.5388668924570084,0.006499178060039362
cnn,7,hek293t,18,not_stored,G,32.0,0.013848709531885058,0.013634204864501901,0.005074837900574615,0.012090367908354839,0.015607051155415276,not_available,not_available,magnitude_only,False,0.0035500440280884,0.0261621698737144,0.03125,6.375,5.0,0.0625,1.241304937750101,0.0037704537044191467
cnn,7,hek293t,18,not_stored,T,32.0,0.014619164037867399,0.013118409551680001,0.004802048080411387,0.012955339264858458,0.01628298881087634,not_available,not_available,magnitude_only,False,0.0067134057171642,0.0254560075700283,0.03125,5.3125,4.0,0.21875,1.2091327607631683,0.003141237721138122
cnn,7,hela,18,not_stored,A,32.0,0.02289689796452871,0.02100087003782385,0.015674980752925824,0.017465794223701103,0.028328001705356317,not_available,not_available,magnitude_only,False,0.004428104031831,0.0462004877626895,0.40625,2.46875,1.0,0.8125,1.4486107863485813,0.009360891101096015
cnn,7,hela,18,not_stored,C,32.0,0.028639095464313823,0.02918834285810585,0.02218797311469467,0.020951355001722974,0.03632683592690467,not_available,not_available,magnitude_only,False,0.0037963713984936,0.0631251111626625,0.5,2.625,1.0,0.84375,1.5632144287228584,0.005821666649353522
cnn,7,hela,18,not_stored,G,32.0,0.01529506435326761,0.0184296946972608,0.009643745926592142,0.01195367686430822,0.018636451842227,not_available,not_available,magnitude_only,False,0.0034438492730259,0.0355231836438179,0.0625,10.28125,6.0,0.125,1.2693174369633198,0.0032902234052016284
cnn,7,hela,18,not_stored,T,32.0,0.011602135593420774,0.012150642462074701,0.0054476373250354725,0.009714625559371786,0.013489645627469762,not_available,not_available,magnitude_only,False,0.0031365014147013,0.021882951259613,0.03125,15.0,16.0,0.0,1.2737367004156113,0.0
cnn,7,hl60,18,not_stored,A,32.0,0.015297532358090352,0.012924089096486551,0.006604306904625504,0.013009256761414414,0.01758580795476629,not_available,not_available,magnitude_only,False,0.0060917921364307,0.0278547070920467,0.09375,5.53125,2.0,0.5625,1.2854244783520699,0.0040437798325001
cnn,7,hl60,18,not_stored,C,32.0,0.021389021014328997,0.0202146032825112,0.0062977026514036815,0.019206978371484017,0.023571063657173978,not_available,not_available,magnitude_only,False,0.0114473765715956,0.0393574312329292,0.6875,1.28125,1.0,1.0,1.313481867313385,0.0040118566867021815
cnn,7,hl60,18,not_stored,G,32.0,0.012015769199933808,0.011099886149168,0.003486099702575456,0.010807897277537887,0.01322364112232973,not_available,not_available,magnitude_only,False,0.0077293952926993,0.0227667540311813,0.0,9.09375,7.0,0.0625,1.1829588524997234,0.0025242957672161875
cnn,7,hl60,18,not_stored,T,32.0,0.01551302050938825,0.01405460294336075,0.005648157222604819,0.013556033875465544,0.017470007143310956,not_available,not_available,magnitude_only,False,0.0074822902679443,0.0274399854242801,0.21875,6.8125,6.0,0.34375,1.3961036894470453,0.0033165078311866974
cnn,7,pooled,18,not_stored,A,64.0,0.025051167292986017,0.02560101076960555,0.005641288802190439,0.02366905153644936,0.026433283049522673,not_available,not_available,magnitude_only,False,0.0152226267382502,0.0407510623335838,0.015625,1.046875,1.0,1.0,1.3627287484705448,0.00999466971188662
cnn,7,pooled,18,not_stored,C,64.0,0.03986828654888082,0.0403349716216325,0.006840979835891603,0.038192246489087374,0.04154432660867426,not_available,not_available,magnitude_only,False,0.0270999390631914,0.0585134774446487,0.984375,1.015625,1.0,1.0,1.5705605912953615,0.006361137024214215
cnn,7,pooled,18,not_stored,G,64.0,0.014634050137828985,0.014061038848012599,0.003520013441086182,0.013771646844762871,0.0154964534308951,not_available,not_available,magnitude_only,False,0.0081855105236172,0.0236861538141965,0.0,8.078125,7.0,0.046875,1.0554174492135644,0.0029653574438270394
cnn,7,pooled,18,not_stored,T,64.0,0.014820384974882424,0.01413864316418765,0.004312646026749506,0.013763786698328794,0.015876983251436053,not_available,not_available,magnitude_only,False,0.0077535011805593,0.0233875997364521,0.0,8.15625,7.0,0.28125,1.1543831648305058,0.0013930076629548697
cnn,ALL,ALL,18,not_stored,A,576.0,0.02068537592317115,0.01919625140726565,0.011008358092147274,0.019786360012312456,0.021584391834029843,not_available,not_available,magnitude_only,False,0.0028850403614342,0.064870074391365,0.3784722222222222,3.4270833333333335,1.0,0.7864583333333334,1.2950130382345781,0.010040333043939883
cnn,ALL,ALL,18,not_stored,C,576.0,0.022655410828317804,0.0190432360395789,0.013428779467881829,0.021558727171774122,0.023752094484861486,not_available,not_available,magnitude_only,False,0.002867461182177,0.0631251111626625,0.4774305555555556,4.595486111111111,1.0,0.6909722222222222,1.306679492816329,0.005566648332054026
cnn,ALL,ALL,18,not_stored,G,576.0,0.013717289682163989,0.0128299766220152,0.006459122034364168,0.013189794716024248,0.01424478464830373,not_available,not_available,magnitude_only,False,0.0032298781443387,0.0428638495504856,0.008680555555555556,8.036458333333334,6.0,0.17708333333333334,1.1171885841629572,0.003240497324390515
cnn,ALL,ALL,18,not_stored,T,576.0,0.014585809799933033,0.0137365260161459,0.006044490462793389,0.01409217641213824,0.015079443187727826,not_available,not_available,magnitude_only,False,0.0030504905153065,0.0373846925795078,0.13541666666666666,9.019097222222221,6.0,0.2638888888888889,1.1627737838360999,0.002348729281215501
cnn,ALL,hct116,18,not_stored,A,96.0,0.023480043474895212,0.0233706468716263,0.006837977472351733,0.02211216309436939,0.024847923855421034,not_available,not_available,magnitude_only,False,0.0110745709389448,0.0546343773603439,0.5,1.375,1.0,1.0,1.348351130882899,0.012894639822964814
cnn,ALL,hct116,18,not_stored,C,96.0,0.02524590295312611,0.0264265770092606,0.012754626212005222,0.02269444632331332,0.0277973595829389,not_available,not_available,magnitude_only,False,0.0064695193432271,0.0584134571254253,0.5,4.854166666666667,1.0,0.6354166666666666,1.4065982419997454,0.007305537884045962
cnn,ALL,hct116,18,not_stored,G,96.0,0.0146351419971324,0.013812005985528151,0.00554300678331505,0.013526309705906597,0.015743974288358203,not_available,not_available,magnitude_only,False,0.0056169033050537,0.0357844233512878,0.0,6.041666666666667,5.5,0.17708333333333334,1.0882975179702044,0.00361920098112018
cnn,ALL,hct116,18,not_stored,T,96.0,0.016609484378326017,0.01589381694793695,0.005294161725254446,0.015550431466176589,0.017668537290475447,not_available,not_available,magnitude_only,False,0.0074608097784221,0.0293232742697,0.0,8.53125,4.0,0.4791666666666667,1.1196758051713307,0.0
cnn,ALL,hek293t,18,not_stored,A,96.0,0.016597216405595295,0.0145374531857669,0.007998777476882444,0.01499712766253362,0.01819730514865697,not_available,not_available,magnitude_only,False,0.0055853822268545,0.0357612036168575,0.16666666666666666,6.291666666666667,3.0,0.5208333333333334,1.288528772071004,0.006509124336541034
cnn,ALL,hek293t,18,not_stored,C,96.0,0.018660670893344358,0.013297801837325051,0.011672567240658082,0.016325671138896013,0.020995670647792702,not_available,not_available,magnitude_only,False,0.0044336598366498,0.0462299399077892,0.3958333333333333,8.34375,7.5,0.4895833333333333,1.2850031380852063,0.00516994440780152
cnn,ALL,hek293t,18,not_stored,G,96.0,0.012565524795112,0.0124783860519528,0.004221040604571771,0.011721140815822461,0.01340990877440154,not_available,not_available,magnitude_only,False,0.0035500440280884,0.0261621698737144,0.010416666666666666,6.90625,6.0,0.125,1.19674374597768,0.0027527990381106733
cnn,ALL,hek293t,18,not_stored,T,96.0,0.016793934041440126,0.016356237232685047,0.005457827939046679,0.015702141067816883,0.017885727015063368,not_available,not_available,magnitude_only,False,0.0067134057171642,0.0310610998421907,0.4270833333333333,5.260416666666667,4.0,0.25,1.2129017387827237,0.00523926995750415
cnn,ALL,hela,18,not_stored,A,96.0,0.02370655793977974,0.0182549762539565,0.018286718437206195,0.020048452385089857,0.027364663494469622,not_available,not_available,magnitude_only,False,0.0028850403614342,0.064870074391365,0.6145833333333334,3.0,2.0,0.7604166666666666,1.3923236969858408,0.014981217011760799
cnn,ALL,hela,18,not_stored,C,96.0,0.02006213165926354,0.01252355100587005,0.016592275711195547,0.016742985244203215,0.023381278074323865,not_available,not_available,magnitude_only,False,0.002867461182177,0.0631251111626625,0.3229166666666667,4.125,2.0,0.625,1.3325189190606277,0.006597606089599088
cnn,ALL,hela,18,not_stored,G,96.0,0.015645622358230513,0.0135525353252887,0.011767327189978131,0.013291666665998136,0.01799957805046289,not_available,not_available,magnitude_only,False,0.0032298781443387,0.0428638495504856,0.041666666666666664,11.020833333333334,6.0,0.21875,1.2030335857222478,0.0048337369871659965
cnn,ALL,hela,18,not_stored,T,96.0,0.012518245266013105,0.01221511419862505,0.007671853489156588,0.01098355494091078,0.01405293559111543,not_available,not_available,magnitude_only,False,0.0030504905153065,0.0373846925795078,0.020833333333333332,13.666666666666666,16.5,0.125,1.2163699598362048,0.0
cnn,ALL,hl60,18,not_stored,A,96.0,0.013893003973256135,0.0117770354263484,0.006078502014206281,0.012677050325874512,0.015108957620637757,not_available,not_available,magnitude_only,False,0.0060917921364307,0.0281960722059011,0.2604166666666667,6.5625,3.0,0.53125,1.1797068578501542,0.0060553747941108765
cnn,ALL,hl60,18,not_stored,C,96.0,0.015881821741155922,0.0157278943806886,0.00726455735508905,0.014428607611771947,0.0173350358705399,not_available,not_available,magnitude_only,False,0.0048338863998651,0.0393574312329292,0.375,6.052083333333333,2.0,0.6145833333333334,1.18855392622451,0.005038114161531313
cnn,ALL,hl60,18,not_stored,G,96.0,0.011645679080781166,0.01123841339722275,0.003657582432652513,0.010914010210854252,0.012377347950708079,not_available,not_available,magnitude_only,False,0.0062592863105237,0.0227667540311813,0.0,8.958333333333334,7.0,0.19791666666666666,1.128684454287092,0.0029222204921097194
cnn,ALL,hl60,18,not_stored,T,96.0,0.01457181482207181,0.01380993658676735,0.005105674054631567,0.013550467296881983,0.015593162347261639,not_available,not_available,magnitude_only,False,0.0065137320198118,0.0317727476358413,0.3645833333333333,5.239583333333333,5.0,0.3229166666666667,1.2483608219772577,0.005990324129622066
cnn,ALL,pooled,18,not_stored,A,192.0,0.023217716872750264,0.023075852543115553,0.008859388082511974,0.02196454919964832,0.02447088454585221,not_available,not_available,magnitude_only,False,0.0078000188805162,0.0502017773687839,0.3645833333333333,1.6666666666666667,1.0,0.953125,1.2805838858087857,0.009900821149130884
cnn,ALL,pooled,18,not_stored,C,192.0,0.028040968861508447,0.03027912881225345,0.012807494649810638,0.026229338292998797,0.029852599430018098,not_available,not_available,magnitude_only,False,0.0081316540017724,0.0585134774446487,0.6354166666666666,2.0989583333333335,1.0,0.890625,1.3137013657639425,0.004644343724673136
cnn,ALL,pooled,18,not_stored,G,192.0,0.01390588493086393,0.01342240255326025,0.004557991248100704,0.01326115334972048,0.01455061651200738,not_available,not_available,magnitude_only,False,0.0049657160416245,0.028422113507986,0.0,7.645833333333333,6.0,0.171875,1.0431861005102594,0.002657513223918261
cnn,ALL,pooled,18,not_stored,T,192.0,0.01351069014587357,0.01200100546702735,0.00558332731725848,0.012720923941123292,0.014300456350623849,not_available,not_available,magnitude_only,False,0.0050712306983768,0.0303208213299512,0.0,10.708333333333334,9.0,0.203125,1.089667188624541,0.001431390800083394
cnn,3,ALL,18,not_stored,A,192.0,0.014901346465194318,0.01426847884431475,0.007149333394908261,0.013890067422975536,0.0159126255074131,not_available,not_available,magnitude_only,False,0.0028850403614342,0.0333343632519245,0.6666666666666666,3.8958333333333335,2.0,0.7708333333333334,1.2042984707901876,0.007335594182525965
cnn,3,ALL,18,not_stored,C,192.0,0.010720967058053497,0.010749479755759201,0.003566173337168515,0.010216528929686676,0.01122540518642032,not_available,not_available,magnitude_only,False,0.002867461182177,0.0185765270143747,0.109375,9.067708333333334,8.0,0.2604166666666667,1.0867780943711598,0.00604748357697336
cnn,3,ALL,18,not_stored,G,192.0,0.01049229398510453,0.01004645042121405,0.003887943804120793,0.009942341161638227,0.011042246808570834,not_available,not_available,magnitude_only,False,0.0032298781443387,0.0226013865321874,0.010416666666666666,9.03125,6.0,0.09895833333333333,1.069579198025167,0.002282795772468134
cnn,3,ALL,18,not_stored,T,192.0,0.011115535756592437,0.010856445878744101,0.0040539191686914285,0.010542105582379778,0.011688965930805097,not_available,not_available,magnitude_only,False,0.0030504905153065,0.0202686283737421,0.21354166666666666,13.34375,16.0,0.010416666666666666,1.1008400867382686,0.0018353483292988116
cnn,3,hct116,18,not_stored,A,32.0,0.020134036778472315,0.01941057760268445,0.006101421533802916,0.018020002073171778,0.022248071483772853,not_available,not_available,magnitude_only,False,0.0110745709389448,0.0331122204661369,1.0,1.9375,2.0,1.0,1.2426608446985483,0.012990050672669843
cnn,3,hct116,18,not_stored,C,32.0,0.011562859057448754,0.011357688345015,0.002972681095134964,0.010532877606718012,0.012592840508179496,not_available,not_available,magnitude_only,False,0.0064695193432271,0.0175999905914068,0.0,10.96875,9.0,0.0,1.0249471049755812,0.010109808645211106
cnn,3,hct116,18,not_stored,G,32.0,0.012387820737785615,0.01105756312608715,0.004217226076426543,0.010926626451131021,0.013849015024440208,not_available,not_available,magnitude_only,False,0.0056169033050537,0.0226013865321874,0.0,5.5,5.0,0.125,1.023418340831995,0.003629543634815441
cnn,3,hct116,18,not_stored,T,32.0,0.012332636222708922,0.01254250202327965,0.0028055597781927095,0.011360559354058618,0.013304713091359225,not_available,not_available,magnitude_only,False,0.0074608097784221,0.0178573634475469,0.0,16.8125,18.5,0.0,1.005566094070673,0.0
cnn,3,hek293t,18,not_stored,A,32.0,0.012640845045098052,0.01244139764457935,0.00510991209315075,0.010870350833854372,0.014411339256341731,not_available,not_available,magnitude_only,False,0.0055853822268545,0.0221157316118478,0.28125,7.0625,3.5,0.5,1.2221539840102196,0.005641478530378609
cnn,3,hek293t,18,not_stored,C,32.0,0.00991134416835843,0.010092948563396851,0.002425076339857126,0.009071098085202497,0.010751590251514363,not_available,not_available,magnitude_only,False,0.0058453688398003,0.0152768669649958,0.0,12.875,10.0,0.0,1.0991064719855785,0.005834633080667068
cnn,3,hek293t,18,not_stored,G,32.0,0.010250585037283556,0.00999247888103125,0.0027628428200169065,0.009293308839524162,0.01120786123504295,not_available,not_available,magnitude_only,False,0.0062476326711475,0.0167278293520212,0.0,7.125,5.0,0.09375,1.1311449725180864,0.0021263559010548687
cnn,3,hek293t,18,not_stored,T,32.0,0.015094601782038756,0.0150154908187687,0.002983084219631101,0.014061015832568408,0.016128187731509105,not_available,not_available,magnitude_only,False,0.0094417622312903,0.0195021796971559,0.71875,6.9375,5.0,0.0,1.15604580193758,0.004627932450603066
cnn,3,hela,18,not_stored,A,32.0,0.01746359626849875,0.014674791134893849,0.012626030708192378,0.013088899821214865,0.021838292715782633,not_available,not_available,magnitude_only,False,0.0028850403614342,0.0333343632519245,0.8125,2.3125,2.0,0.875,1.307590389624238,0.011679737115628043
cnn,3,hela,18,not_stored,C,32.0,0.01042333312216209,0.0091645242646336,0.005952856212975469,0.008360773674306612,0.012485892570017566,not_available,not_available,magnitude_only,False,0.002867461182177,0.0185765270143747,0.09375,7.5,8.0,0.21875,1.1429740525782108,0.008140203846778554
cnn,3,hela,18,not_stored,G,32.0,0.010893406673858356,0.0087643456645309,0.006976719506418216,0.008476096693880213,0.013310716653836499,not_available,not_available,magnitude_only,False,0.0032298781443387,0.020405177026987,0.0625,12.1875,11.5,0.03125,1.1204506140202284,0.002842318110197031
cnn,3,hela,18,not_stored,T,32.0,0.010298304012394465,0.0094794479664415,0.006294290842616163,0.00811744350098307,0.01247916452380586,not_available,not_available,magnitude_only,False,0.0030504905153065,0.0202686283737421,0.03125,16.3125,18.0,0.0625,1.2082980405539274,0.0
cnn,3,hl60,18,not_stored,A,32.0,0.010299280242179475,0.009186665061861249,0.0033003157399026065,0.009155779178705978,0.011442781305652973,not_available,not_available,magnitude_only,False,0.0064972806721925,0.0183736272156238,0.46875,6.4375,3.5,0.5,1.1112321019172668,0.004788092253875172
cnn,3,hl60,18,not_stored,C,32.0,0.008061157466727253,0.00760375079698855,0.0020954247616431342,0.0073351298280994615,0.008787185105355045,not_available,not_available,magnitude_only,False,0.0048338863998651,0.0132270194590091,0.0,14.78125,14.5,0.0,1.1235750373452902,0.006422324702725685
cnn,3,hl60,18,not_stored,G,32.0,0.009240847211913154,0.008679021615535,0.0024835433600349163,0.008380343339799912,0.010101351084026395,not_available,not_available,magnitude_only,False,0.0062592863105237,0.015134616754949,0.0,9.46875,8.0,0.28125,1.10230871476233,0.001761823181368475
cnn,3,hl60,18,not_stored,T,32.0,0.011410745268221906,0.0111215393990278,0.002630005147055526,0.010499494975943048,0.012321995560500764,not_available,not_available,magnitude_only,False,0.0065137320198118,0.018570763990283,0.53125,5.71875,5.0,0.0,1.165629392489791,0.005056123518443147
cnn,3,pooled,18,not_stored,A,64.0,0.01443516022845865,0.014378822408616501,0.003029171367174327,0.01369301324350094,0.01517730721341636,not_available,not_available,magnitude_only,False,0.0078000188805162,0.0210014749318361,0.71875,2.8125,1.5,0.875,1.1710767522454262,0.004457103261302057
cnn,3,pooled,18,not_stored,C,64.0,0.012183554266812228,0.0121256932616233,0.0022830519191695867,0.01162420654661568,0.012742901987008776,not_available,not_available,magnitude_only,False,0.0081316540017724,0.0180507600307464,0.28125,4.140625,3.0,0.671875,1.0650329496711493,0.0028889655932288734
cnn,3,pooled,18,not_stored,G,64.0,0.010090552124893248,0.0102663896977901,0.0018544182676085892,0.009636219649329144,0.010544884600457351,not_available,not_available,magnitude_only,False,0.0049657160416245,0.0137408580631017,0.0,9.953125,7.0,0.03125,1.020076273009181,0.0016683669036864938
cnn,3,pooled,18,not_stored,T,64.0,0.008778463627095282,0.0088013811036944,0.001986898513930718,0.008291673491182256,0.009265253763008309,not_available,not_available,magnitude_only,False,0.0050712306983768,0.0130181107670068,0.0,17.140625,19.0,0.0,1.0347505956888199,0.0006640170033733281
cnn,5,ALL,18,not_stored,A,192.0,0.025201728620838016,0.0249028671532869,0.013173784657782904,0.02333828603182582,0.027065171209850213,not_available,not_available,magnitude_only,False,0.0050276103429496,0.064870074391365,0.3645833333333333,3.609375,1.0,0.765625,1.289660941188534,0.01492460214588689
cnn,5,ALL,18,not_stored,C,192.0,0.0248840677789606,0.02609432488679885,0.009656386949466309,0.02351816396581558,0.026249971592105622,not_available,not_available,magnitude_only,False,0.0044729765504598,0.0486411899328231,0.4895833333333333,3.2760416666666665,1.0,0.84375,1.2701302748173475,0.004615001774406311
cnn,5,ALL,18,not_stored,G,192.0,0.01625363623679727,0.01457571610808365,0.007873014952069322,0.015139991847829035,0.017367280625765508,not_available,not_available,magnitude_only,False,0.0038550046738237,0.0428638495504856,0.0,6.901041666666667,5.0,0.375,1.1219217019776504,0.004344189343555577
cnn,5,ALL,18,not_stored,T,192.0,0.017550397615802116,0.01667148340493435,0.006662558018940628,0.016607973347699034,0.0184928218839052,not_available,not_available,magnitude_only,False,0.0043419790454208,0.0373846925795078,0.14583333333333334,5.572916666666667,4.0,0.484375,1.1473505118240912,0.0036702127013085984
cnn,5,hct116,18,not_stored,A,32.0,0.025834239495452438,0.02454300411045545,0.008413449645715328,0.022919127919600574,0.028749351071304302,not_available,not_available,magnitude_only,False,0.0154829751700162,0.0546343773603439,0.4375,1.0,1.0,1.0,1.3129729498177767,0.01668526637513419
cnn,5,hct116,18,not_stored,C,32.0,0.02762874905602071,0.0286564538255333,0.007805605673616657,0.024924244671510273,0.030333253440531147,not_available,not_available,magnitude_only,False,0.0133403250947594,0.0423837825655937,0.5625,2.5,1.0,0.90625,1.3727513365447521,0.004637022582755838
cnn,5,hct116,18,not_stored,G,32.0,0.015509615666815031,0.01366218924522395,0.006534207601337164,0.013245628239567797,0.017773603094062267,not_available,not_available,magnitude_only,False,0.0073252520523965,0.0357844233512878,0.0,5.46875,5.0,0.40625,1.0855012238025665,0.004176705930149129
cnn,5,hct116,18,not_stored,T,32.0,0.018321930838283106,0.0164631372317671,0.0054567192849775984,0.016431274065657964,0.020212587610908248,not_available,not_available,magnitude_only,False,0.0104828812181949,0.0293232742697,0.0,3.375,2.0,0.78125,1.1004162840545177,0.0
cnn,5,hek293t,18,not_stored,A,32.0,0.018201107130153053,0.01749159209430215,0.008869153782412681,0.015128102126517193,0.021274112133788912,not_available,not_available,magnitude_only,False,0.005595542024821,0.0322319902479648,0.1875,6.4375,2.5,0.5,1.2458664756268263,0.009123690437263524
cnn,5,hek293t,18,not_stored,C,32.0,0.018214272946352084,0.018886351026594597,0.008268008273264859,0.015349554235055376,0.02107899165764879,not_available,not_available,magnitude_only,False,0.0044729765504598,0.0292641017585992,0.28125,10.53125,10.0,0.5,1.2170360498130322,0.0031760220826981284
cnn,5,hek293t,18,not_stored,G,32.0,0.013597279816167387,0.013609380926936799,0.0035893475555475256,0.012353634337851511,0.014840925294483264,not_available,not_available,magnitude_only,False,0.0045716664753854,0.0192318949848413,0.0,7.21875,6.0,0.21875,1.2177813276648521,0.002361587508858003
cnn,5,hek293t,18,not_stored,T,32.0,0.020668036304414217,0.02030414715409275,0.005997591561797304,0.018589976848988513,0.02274609575983992,not_available,not_available,magnitude_only,False,0.0085657807067036,0.0310610998421907,0.53125,3.53125,3.0,0.53125,1.2735266536474228,0.007948639700771264
cnn,5,hela,18,not_stored,A,32.0,0.030759179586311747,0.0265174768865108,0.022965463524847834,0.02280205244047076,0.03871630673215273,not_available,not_available,magnitude_only,False,0.0050276103429496,0.064870074391365,0.625,4.21875,2.0,0.59375,1.420769914984703,0.02390302281855834
cnn,5,hela,18,not_stored,C,32.0,0.021123966391314704,0.02365784347057335,0.011955127857942234,0.016981725921946158,0.02526620686068325,not_available,not_available,magnitude_only,False,0.0058964164927601,0.0412134267389774,0.375,2.25,1.5,0.8125,1.2913682758808136,0.005830947772665191
cnn,5,hela,18,not_stored,G,32.0,0.020748396047565572,0.0146582131274044,0.01524302822467817,0.015466956222056513,0.02602983587307463,not_available,not_available,magnitude_only,False,0.0038550046738237,0.0428638495504856,0.0,10.59375,10.5,0.5,1.2193327061831951,0.008368669446099332
cnn,5,hela,18,not_stored,T,32.0,0.01565429619222408,0.0141145423986017,0.009745198667179692,0.012277757122053375,0.019030835262394782,not_available,not_available,magnitude_only,False,0.0043419790454208,0.0373846925795078,0.0,9.6875,7.5,0.3125,1.1670751385390759,0.0
cnn,5,hl60,18,not_stored,A,32.0,0.01608219931949857,0.01317543815821405,0.006197127659332887,0.013935004133519998,0.01822939450547714,not_available,not_available,magnitude_only,False,0.0085945539176464,0.0281960722059011,0.21875,7.71875,1.0,0.53125,1.142463993281126,0.009334252295957357
cnn,5,hl60,18,not_stored,C,32.0,0.018195286742411516,0.01855914201587435,0.004207863965451498,0.016737336261713694,0.019653237223109337,not_available,not_available,magnitude_only,False,0.0111099556088447,0.0249318778514862,0.4375,2.09375,2.0,0.84375,1.1286048740148544,0.004680161095166075
cnn,5,hl60,18,not_stored,G,32.0,0.013680420830496538,0.01327511994168155,0.0035058601326724875,0.012465702268381439,0.014895139392611638,not_available,not_available,magnitude_only,False,0.0067767691798508,0.0204337034374475,0.0,8.3125,6.5,0.25,1.1007857955992222,0.004480542527744497
cnn,5,hl60,18,not_stored,T,32.0,0.01679167868860527,0.0164721021428704,0.004975039682871436,0.015067915383354296,0.018515441993856248,not_available,not_available,magnitude_only,False,0.0067789708264172,0.0317727476358413,0.34375,3.1875,3.0,0.625,1.183349383994937,0.009598341039236357
cnn,5,pooled,18,not_stored,A,64.0,0.030166823096806135,0.02958433795720335,0.008131963822845893,0.02817449196020889,0.032159154233403375,not_available,not_available,magnitude_only,False,0.017094811424613,0.0502017773687839,0.359375,1.140625,1.0,0.984375,1.3079461567103863,0.015250690474203972
cnn,5,pooled,18,not_stored,C,64.0,0.0320710657688323,0.030923916026949848,0.005589048916579451,0.030701748784270334,0.03344038275339427,not_available,not_available,magnitude_only,False,0.0235219541937112,0.0486411899328231,0.640625,1.140625,1.0,1.0,1.3055105563253164,0.004682928556576319
cnn,5,pooled,18,not_stored,G,64.0,0.016993052529869553,0.016527640633285,0.004706131695435563,0.01584005026448784,0.018146054795251266,not_available,not_available,magnitude_only,False,0.0087144533172249,0.028422113507986,0.0,4.90625,4.0,0.4375,1.054064579308033,0.00333881532424125
cnn,5,pooled,18,not_stored,T,64.0,0.016933221835643004,0.0146034555509686,0.005964224694173866,0.015471986785570407,0.0183944568857156,not_available,not_available,magnitude_only,False,0.0088337743654847,0.0303208213299512,0.0,6.828125,4.0,0.328125,1.0798678053542972,0.002237147733921984
cnn,7,ALL,18,not_stored,A,192.0,0.021953052683481123,0.023203978314995752,0.00918745932846497,0.020653479064948917,0.02325262630201333,not_available,not_available,magnitude_only,False,0.004428104031831,0.0462004877626895,0.10416666666666667,2.7760416666666665,1.0,0.8229166666666666,1.391079702725013,0.007860802803406789
cnn,7,ALL,18,not_stored,C,192.0,0.032361197647939315,0.03491042926907535,0.013930404417781669,0.0303907305765103,0.034331664719368334,not_available,not_available,magnitude_only,False,0.0037963713984936,0.0631251111626625,0.8333333333333334,1.4427083333333333,1.0,0.96875,1.5631301092604797,0.0060374596447824065
cnn,7,ALL,18,not_stored,G,192.0,0.014405938824590165,0.013681086711585449,0.005576616921432856,0.013617121810804779,0.015194755838375552,not_available,not_available,magnitude_only,False,0.0034438492730259,0.0355231836438179,0.015625,8.177083333333334,7.0,0.057291666666666664,1.1600648524860542,0.0030945068571478357
cnn,7,ALL,18,not_stored,T,192.0,0.015091496027404547,0.01476410217583175,0.005288527512505369,0.014343429495578926,0.015839562559230167,not_available,not_available,magnitude_only,False,0.0031365014147013,0.0274399854242801,0.046875,8.140625,6.0,0.296875,1.2401307529459398,0.001540626813039093
cnn,7,hct116,18,not_stored,A,32.0,0.024471854150760863,0.0235298424959182,0.004121118003411982,0.0230439596124824,0.025899748689039326,not_available,not_available,magnitude_only,False,0.0172747001051902,0.0391744561493396,0.0625,1.1875,1.0,1.0,1.489419598132372,0.00900860242109041
cnn,7,hct116,18,not_stored,C,32.0,0.036546100745908874,0.0350713767111301,0.00989104046117518,0.03311903007219601,0.03997317141962174,not_available,not_available,magnitude_only,False,0.0171662140637636,0.0584134571254253,0.9375,1.09375,1.0,1.0,1.8220962844789028,0.007169782424170944
cnn,7,hct116,18,not_stored,G,32.0,0.01600798958679655,0.015578065998852201,0.005072268786899571,0.014250538115739949,0.01776544105785315,not_available,not_available,magnitude_only,False,0.0085464557632803,0.02746750600636,0.0,7.15625,7.0,0.0,1.1559729892760515,0.0030513533783959722
cnn,7,hct116,18,not_stored,T,32.0,0.01917388607398602,0.01763334404677145,0.00442141680367793,0.01764194330986294,0.0207058288381091,not_available,not_available,magnitude_only,False,0.0118362326174974,0.0273505467921495,0.0,5.40625,3.0,0.65625,1.2530450373888016,0.0
cnn,7,hek293t,18,not_stored,A,32.0,0.018949697041534777,0.020152715034782852,0.008171295048470644,0.016118487753008448,0.021780906330061106,not_available,not_available,magnitude_only,False,0.0071046538650989,0.0357612036168575,0.03125,5.375,2.0,0.5625,1.3975658565759659,0.004762204041980969
cnn,7,hek293t,18,not_stored,C,32.0,0.02785639556532255,0.029284928925335352,0.013295895440622594,0.0232496028295969,0.032463188301048204,not_available,not_available,magnitude_only,False,0.0044336598366498,0.0462299399077892,0.90625,1.625,1.0,0.96875,1.5388668924570084,0.006499178060039362
cnn,7,hek293t,18,not_stored,G,32.0,0.013848709531885058,0.013634204864501901,0.005074837900574615,0.012090367908354839,0.015607051155415276,not_available,not_available,magnitude_only,False,0.0035500440280884,0.0261621698737144,0.03125,6.375,5.0,0.0625,1.241304937750101,0.0037704537044191467
cnn,7,hek293t,18,not_stored,T,32.0,0.014619164037867399,0.013118409551680001,0.004802048080411387,0.012955339264858458,0.01628298881087634,not_available,not_available,magnitude_only,False,0.0067134057171642,0.0254560075700283,0.03125,5.3125,4.0,0.21875,1.2091327607631683,0.003141237721138122
cnn,7,hela,18,not_stored,A,32.0,0.02289689796452871,0.02100087003782385,0.015674980752925824,0.017465794223701103,0.028328001705356317,not_available,not_available,magnitude_only,False,0.004428104031831,0.0462004877626895,0.40625,2.46875,1.0,0.8125,1.4486107863485813,0.009360891101096015
cnn,7,hela,18,not_stored,C,32.0,0.028639095464313823,0.02918834285810585,0.02218797311469467,0.020951355001722974,0.03632683592690467,not_available,not_available,magnitude_only,False,0.0037963713984936,0.0631251111626625,0.5,2.625,1.0,0.84375,1.5632144287228584,0.005821666649353522
cnn,7,hela,18,not_stored,G,32.0,0.01529506435326761,0.0184296946972608,0.009643745926592142,0.01195367686430822,0.018636451842227,not_available,not_available,magnitude_only,False,0.0034438492730259,0.0355231836438179,0.0625,10.28125,6.0,0.125,1.2693174369633198,0.0032902234052016284
cnn,7,hela,18,not_stored,T,32.0,0.011602135593420774,0.012150642462074701,0.0054476373250354725,0.009714625559371786,0.013489645627469762,not_available,not_available,magnitude_only,False,0.0031365014147013,0.021882951259613,0.03125,15.0,16.0,0.0,1.2737367004156113,0.0
cnn,7,hl60,18,not_stored,A,32.0,0.015297532358090352,0.012924089096486551,0.006604306904625504,0.013009256761414414,0.01758580795476629,not_available,not_available,magnitude_only,False,0.0060917921364307,0.0278547070920467,0.09375,5.53125,2.0,0.5625,1.2854244783520699,0.0040437798325001
cnn,7,hl60,18,not_stored,C,32.0,0.021389021014328997,0.0202146032825112,0.0062977026514036815,0.019206978371484017,0.023571063657173978,not_available,not_available,magnitude_only,False,0.0114473765715956,0.0393574312329292,0.6875,1.28125,1.0,1.0,1.313481867313385,0.0040118566867021815
cnn,7,hl60,18,not_stored,G,32.0,0.012015769199933808,0.011099886149168,0.003486099702575456,0.010807897277537887,0.01322364112232973,not_available,not_available,magnitude_only,False,0.0077293952926993,0.0227667540311813,0.0,9.09375,7.0,0.0625,1.1829588524997234,0.0025242957672161875
cnn,7,hl60,18,not_stored,T,32.0,0.01551302050938825,0.01405460294336075,0.005648157222604819,0.013556033875465544,0.017470007143310956,not_available,not_available,magnitude_only,False,0.0074822902679443,0.0274399854242801,0.21875,6.8125,6.0,0.34375,1.3961036894470453,0.0033165078311866974
cnn,7,pooled,18,not_stored,A,64.0,0.025051167292986017,0.02560101076960555,0.005641288802190439,0.02366905153644936,0.026433283049522673,not_available,not_available,magnitude_only,False,0.0152226267382502,0.0407510623335838,0.015625,1.046875,1.0,1.0,1.3627287484705448,0.00999466971188662
cnn,7,pooled,18,not_stored,C,64.0,0.03986828654888082,0.0403349716216325,0.006840979835891603,0.038192246489087374,0.04154432660867426,not_available,not_available,magnitude_only,False,0.0270999390631914,0.0585134774446487,0.984375,1.015625,1.0,1.0,1.5705605912953615,0.006361137024214215
cnn,7,pooled,18,not_stored,G,64.0,0.014634050137828985,0.014061038848012599,0.003520013441086182,0.013771646844762871,0.0154964534308951,not_available,not_available,magnitude_only,False,0.0081855105236172,0.0236861538141965,0.0,8.078125,7.0,0.046875,1.0554174492135644,0.0029653574438270394
cnn,7,pooled,18,not_stored,T,64.0,0.014820384974882424,0.01413864316418765,0.004312646026749506,0.013763786698328794,0.015876983251436053,not_available,not_available,magnitude_only,False,0.0077535011805593,0.0233875997364521,0.0,8.15625,7.0,0.28125,1.1543831648305058,0.0013930076629548697
